S315080040009845002001410008E9F300083DEA000848
S31508004010E5F30008A9560008017A01080000000027
S315080040200000000000000000000000001917010849
S31508004030457B0008000000003DF5000801680108FE
S315080040401B4100081B4100081B410008CD0401085C
S315080040501B4100081B410008818100081B4100081C
S315080040601B41000829820008378200081B41000806
S315080040701B4100081B4100081B4100081B410008A2
S315080040801B4100081B4100081B4100087776010800
S31508004090797601081B4100081B4100084582000883
S315080040A01B4100081B4100081B4100081B41000872
S315080040B01B4100081B4100081B4100081B41000862
S315080040C01B4100081B4100081B4100081B41000852
S315080040D01B410008F56E0108B56F01087D700108DF
S315080040E091810008090101081B410008DFF80CD07E
S315080040F000F014FA004800479D9B010898450020E7
S315080041000648804706480047FEE7FEE7FEE7FEE763
S31508004110FEE7FEE7FEE7FEE7FEE7FEE78168010841
S31508004120ED40000840EA01039B0703D009E008C9EF
S31508004130121F08C0042AFAD203E011F8013B00F85E
S31508004140013B521EF9D27047D2B201E000F8012BAA
S31508004150491EFBD270470022F6E710B513460A46F9
S3150800416004461946FFF7F0FF204610BD2DE9FE4F1D
S31508004170804681EA0300C00F0C46009021F00041FA
S3150800418023F00045B8EB0200A94105D24046214676
S3150800419090461C460B46024623F00040104347D083
S315080041A0270DC7F30A00C3F30A510290401A01907B
S315080041B040286BDAC3F3130040F4801B009892463C
S315080041C020B10023D2EB030A63EB0B0B0198594687
S315080041D0C0F14002504600F012F906460D46504618
S315080041E05946019A00F02AF910EB080061410024AB
S315080041F087EA115284EAE7731A4340D0009A62B3F9
S31508004200019A012A4FEA075215DC001B61EB0201ED
S315080042104FF0004202EA0752CDE90042001C41F580
S31508004220801132462B4600F02AF903B0BDE8F08F1C
S3150800423040462146F9E7001B61EB0201001C41F5E7
S31508004240801300185B412018A2F5001747EB0301FD
S3150800425040EAD570B6196D4111E06D084FEA360689
S3150800426045EAC0754FEA0752001B61EB0201001CC4
S3150800427041F5801149084FEA30000019514132468C
S315080042802B4603B0BDE8F04F00F0EAB800980122CB
S3150800429040000023D0EB020263EBE073009821464E
S315080042A04FEAE074B8EB000061EB0401E9E783F03C
S315080042B000435BE781F0004158E72DE9FE4F81EAAC
S315080042C0030404F0004421F0004100944FF0000B71
S315080042D023F0004350EA01045ED052EA03045BD09F
S315080042E0C3F30A54C1F30A552C44A4F2F3340194D7
S315080042F0A0FB0254C1F3130141F48011C3F3130365
S3150800430043F4801301FB024400FB034E840A970A18
S3150800431044EA815447EA8357A4FB076802958D0A45
S3150800432005FB07854FEA932C04FB0C542705029DD1
S315080043304FEA065847EA1637B5EB08056EEB070C41
S31508004340870E920E47EA811742EA8312A7FB0201FB
S31508004350B6EB0B0164EB00042B0D43EA0C335E1835
S3150800436044EB1C50DA465146E7FB0201C5F3130439
S315080043704FEA0B3343EA14534FEA0432019C43EAEB
S315080043800603A4F10C040294009CCDE900B400F0E5
S3150800439076F803B0BDE8F08F00200146F9E70EB5C0
S315080043A0C10F80EAE0700844CA07002140F233438F
S315080043B08DE80E000A460B4600F061F803B000BD12
S315080043C070B5C1F30A5201F000450024C1F3130188
S315080043D040F2FF3341F480119A4201DA002070BDA1
S315080043E040F233439A42A2F2334203DC524200F0CF
S315080043F015F800E090402C43F1D0404270BD202AC9
S3150800440004DB203A00FA02F1002070479140C2F11D
S31508004410200320FA03F3194390407047202A04DB4F
S31508004420203A21FA02F00021704721FA02F3D0401F
S31508004430C2F120029140084319467047202A06DB3C
S31508004440CB17203A41FA02F043EAE07306E041FA54
S3150800445002F3D040C2F12002914008431946704742
S3150800446010B5141E73F1000408DA401C41F100016E
S3150800447092185B411A4301D120F0010010BD2DE9C5
S31508004480F04D92469B4611B1B1FA81F202E0B0FABC
S3150800449080F220329046FFF7B2FF04460F4640EA04
S315080044A00A0041EA0B0153465A46084313D01146FF
S315080044B053EA010019D0C8F140025046FFF7AEFF93
S315080044C005460E46504659464246FFF798FF0843AA
S315080044D005D0012004E020463946BDE8F08D0020CD
S315080044E0054346EAE0762C4337430A986305E40A0F
S315080044F0A0EB08000022FD0A44EA47540A3002D518
S3150800450000200146E9E7010510196941DDE908457A
S3150800451000196941BDE8F04DA2E70000064C074DB9
S3150800452006E0E06840F0010394E807009847103475
S31508004530AC42F6D3FFF7DEFD80F20108A0F20108CF
S3150800454070B58C1810F8015B15F0070301D110F847
S31508004550013B2A1106D110F8012B03E010F8016B74
S3150800456001F8016B5B1EF9D12B0705D40023521EF7
S315080045700DD401F8013BFAE710F8013BCB1A921C5F
S3150800458003E013F8015B01F8015B521EF9D5A1425D
S31508004590D8D3002070BD21B1826842F00102826042
S315080045A003E0826822F001028260704710B5044673
S315080045B01248844208D1012140150BF0F7FA002170
S315080045C060150BF0F3FA17E00D48844208D1012173
S315080045D000150BF0EBFA002120150BF0E7FA0BE0BB
S315080045E00848844208D10121C8030BF0DFFA0021EC
S315080045F04FF400400BF0DAFA10BD00000024014029
S3150800460000280140003C0140014600208A6802F06B
S3150800461004020AB1012000E0002070470146C86C78
S3150800462080B270470246002013680B400BB1012088
S3150800463000E000207047014600208A6802F0080260
S315080046400AB1012000E000207047000030B502469C
S315080046500020002350680F4C20400D790C6844EA6E
S3150800466005242043506090680B4C2040D1E9025441
S315080046702C434D7944EA450420439060D06A20F4DF
S3150800468070000C7C641EE4B2234340EA0350D062F7
S3150800469030BD0000FFFEF0FFFDF7F1FF10B508F092
S315080046A0F9FF30B12148007840F001001F49087031
S315080046B005E01E48007800F0FE001C49087008F066
S315080046C0F5FF30B11948007840F002001749087024
S315080046D005E01648007800F0FD001449087004212A
S315080046E0134805F039FC30B11048007840F0100046
S315080046F00E49087005E00D48007800F0EF000B49F8
S3150800470008704FF400710B4805F026FC30B10748D5
S31508004710007840F020000549087005E00348007855
S3150800472000F0DF000149087010BD000056000020A7
S315080047300014014000100140F0B504460D46002063
S315080047400021092D11DDE068A5F10A0606EB4607EA
S31508004750072606FA07F18843A5F10A0606EB460678
S3150800476003FA06F10843E0600CE0206905EB45070B
S31508004770072606FA07F1884305EB450603FA06F10C
S3150800478008432061072A0FDA606B561E06EB860778
S315080047901F2606FA07F18843561E06EB860605FA13
S315080047A006F10843606322E00D2A0FDA206BD61F54
S315080047B006EB86071F2606FA07F18843D61F06EB7F
S315080047C0860605FA06F10843206310E0E06AA2F1BE
S315080047D00D0606EB86071F2606FA07F18843A2F19F
S315080047E00D0606EB860605FA06F10843E062F0BDFB
S315080047F0816841F008018160704721B1826842F4FE
S31508004800A002826003E0826822F4A00282607047F8
S31508004810816841F0040181607047000010B50446C4
S3150800482011480088401C0A2190FBF1F201FB120096
S315080048300E490988884215D00B49098801EB81027F
S3150800484002EBC1010A4A88180D222146FFF76AFCC5
S3150800485005480088401C0A2190FBF1F201FB120072
S315080048600149088010BD00003608002038080020DD
S31508004870622A002010B5044614480088401C1421FA
S3150800488090FBF1F201FB12001149098888421BD0FE
S31508004890E07808B90820E0700C49098801EB810224
S315080048A002EBC1010B4A88180D222146FFF73AFC94
S315080048B006480088401C142190FBF1F201FB120007
S315080048C002490880012010BD0020FCE732080020BC
S315080048D0340800205E29002030B50F490988491C94
S315080048E0142291FBF2F302FB13110C4A128891422F
S315080048F011D00B49084A128801EB021190E83C00D6
S315080049003CC105490988491C142291FBF2F302FBB4
S315080049101311014A118030BD240800202608002002
S315080049209826002030B5014618480088401C1E22EB
S3150800493090FBF2F302FB1300154A1288904222D02C
S31508004940087B08B9082008730868B0F5006F02D913
S315080049500120887301E000208873002048730D4801
S315080049600A4A128800EB021091E83C003CC007484E
S315080049700088401C1E2290FBF2F302FB1300034A38
S315080049801080012030BD0020FCE700002008002030
S3150800499022080020B824002070B5174C2488641C0F
S315080049A0142594FBF5F605FB1644144D2D88AC42E8
S315080049B021D0134C104D2D8804EB05142060104CA3
S315080049C00D4D2D8804EB051421710D4C0A4D2D88CB
S315080049D004EB0514A2600A4C074D2D8804EB051458
S315080049E02373054C2488641C142594FBF5F605FBF3
S315080049F01644014D2C8070BDF0060020F2060020FA
S31508004A00BC0C002010B5044611480088401C0A2139
S31508004A1090FBF1F201FB12000E490988884215D075
S31508004A200B49098801EB810202EBC1010A4A881881
S31508004A300D222146FFF776FB05480088401C0A210F
S31508004A4090FBF1F201FB12000149088010BD00003D
S31508004A504008002042080020E82B002010B5044634
S31508004A6014480088401C142190FBF1F201FB120047
S31508004A701149098888421BD0E07808B90820E070F7
S31508004A800C49098801EB810202EBC1010B4A88181F
S31508004A900D222146FFF746FB06480088401C1421D4
S31508004AA090FBF1F201FB120002490880012010BDBB
S31508004AB00020FCE73C0800203E080020E42A0020ED
S31508004AC070B58AB006460D46144600200690079033
S31508004AD00890099002900390049005900120019097
S31508004AE000200090002301AA40F249414FF40060DB
S31508004AF008F012F800236A4640F2EF414FF40060CE
S31508004B0008F00AF8002E34D1A5208DF8180062485E
S31508004B10006810B90098012804D10198C0B28DF830
S31508004B20190002E001208DF819008DF81A500820A6
S31508004B308DF81B0020788DF81C0061788DF81D1003
S31508004B40A1788DF81E10E1788DF81F10217906A836
S31508004B50017261794172A1798172E179C17206A8FF
S31508004B600FC80BF07FFA8DF8240006A800F01CF990
S31508004B708FE0022E29D1A5208DF8180001208DF886
S31508004B8019008DF81A5008208DF81B0020788DF82A
S31508004B901C0061788DF81D10A1788DF81E10E1783B
S31508004BA08DF81F10217906A8017261794172A179E1
S31508004BB08172E179C17206A80FC80BF053FA8DF815
S31508004BC0240006A8FFF756FE63E0032E29D1A52088
S31508004BD08DF8180001208DF819008DF81A50082054
S31508004BE08DF81B0020788DF81C0061788DF81D1053
S31508004BF0A1788DF81E10E1788DF81F10217906A886
S31508004C00017261794172A1798172E179C17206A84E
S31508004C100FC80BF027FA8DF8240006A8FFF71EFF29
S31508004C2037E0012E35D11C48006810B900980128D4
S31508004C3009D14FF0C05000EB054000F580400199BE
S31508004C400844029007E04FF0C05000EB054000F51D
S31508004C508040401C029008208DF8140020788DF8BA
S31508004C600C0061788DF80D10A1788DF80E10E1789A
S31508004C708DF80F1021798DF8101061798DF81110C3
S31508004C80A1798DF81210E1798DF8131002A8FFF7B3
S31508004C9049FE0AB070BD00001C08002010B5044685
S31508004CA011480088401C052190FBF1F201FB120017
S31508004CB00E490988884215D00B49098801EB01116C
S31508004CC00B4A02EB01104FF488722146FFF72AFAC5
S31508004CD005480088401C052190FBF1F201FB1200F3
S31508004CE00149088010BD0000960800209808002099
S31508004CF0323B002010B5044612480088401C0521A6
S31508004D0090FBF1F201FB12000F490988884217D07F
S31508004D100C49098801EB01110C4A02EB01104FF40A
S31508004D2088722146FFF7FEF906480088401C0521CF
S31508004D3090FBF1F201FB120002490880012010BD28
S31508004D400020FCE79208002094080020E2350020A5
S31508004D5010B5044611480088401C0A2190FBF1F260
S31508004D6001FB12000E490988884215D00B490988AB
S31508004D7001EB810202EBC1010A4A88180D2221467D
S31508004D80FFF7D0F905480088401C0A2190FBF1F28C
S31508004D9001FB12000149088010BD00002C08002004
S31508004DA02E080020DC28002010B504461448008888
S31508004DB0401C142190FBF1F201FB120011490988ED
S31508004DC088421BD0E07808B90820E0700C490988A9
S31508004DD001EB810202EBC1010B4A88180D2221461C
S31508004DE0FFF7A0F906480088401C142190FBF1F251
S31508004DF001FB120002490880012010BD0020FCE7D3
S31508004E00280800202A080020D82700207CB500247E
S31508004E10002500200190009000BF99E05D4800EB56
S31508004E200410006840F6A271884206D0594800EB83
S31508004E3004100068891C884216D1002301AA40F292
S31508004E40D3714FF4006007F067FE98B30198022803
S31508004E5031D1504800EB041000231A4601684FF47C
S31508004E60006010F07FF971E04A4800EB0410006812
S31508004E7040F6A371884206D0464800EB0410006845
S31508004E80891C884217D1002301AA40F2D3714FF436
S31508004E90006007F041FE68B1019801280BD13D4832
S31508004EA000EB041000231A4601684FF4006010F066
S31508004EB059F94BE0FFE7374800EB04108068D0B19A
S31508004EC0344800EB041000236A4681684FF40060FA
S31508004ED007F022FE00B939E0009855280BD145F0B5
S31508004EE002052C4800EB04100023022201689002F8
S31508004EF010F038F92AE0274800EB04104068D0B1D2
S31508004F00244800EB041000236A4641684FF4006009
S31508004F1007F002FE00B919E0009855280BD145F0B4
S31508004F2001051C4800EB0410002301220168D00289
S31508004F3010F018F90AE0174800EB041000231A4687
S31508004F4001684FF4006010F00DF900BF601C84B2D0
S31508004F500E2CFFF463AF05F0020038B100230222DD
S31508004F6040F2DC71900210F0FDF812E005F0010045
S31508004F7038B10023012240F2DC71D00210F0F2F8B9
S31508004F8007E000231A4640F2DC714FF4006010F087
S31508004F90E9F87CBD5CB901082DE9F04105460E46E5
S31508004FA0069C0021002B34D027889F4203DA2788E5
S31508004FB07F1C278000E0238027887F1EB8B206E082
S31508004FC0471E32F8177022F81070471EB8B200282C
S31508004FD0F6DC1580002004E032F810703944471CCE
S31508004FE0B8B227888742F7DCB4F800C00CEB4C0748
S31508004FF0B1FBFCF80CFB181C4FEAE77807EB98782E
S31508005000BCEBA80F01D9278839442788B1FBF7F1EB
S315080050103180BDE8F0810000F8B505460E46144615
S315080050201F46072D43D2DFE805F04204111E30273C
S315080050303900204800EB440000901F4850F824200F
S31508005040032339463046FFF7A7FF30E01B4800EB3D
S31508005050440000901A4850F8242003233946304665
S31508005060FFF79AFF23E017480523174A39460090A9
S315080050703046FFF791FF1AE014480523144A3946CB
S3150800508000903046FFF788FF11E012480523124AC0
S31508005090394600903046FFF77FFF08E00F480523A2
S315080050A00F4A394600903046FFF776FF00BF00BF2B
S315080050B0F8BD0000E60A002010050020460B002077
S315080050C0D0050020180600206A0B00201C060020C8
S315080050D07E0B00201A060020740B00201E060020F6
S315080050E0880B002010B501200AF070FD00200AF098
S315080050F06DFD10BD08B501460020009003480090DC
S315080051000098084400900098008808BD006C00408C
S3150800511008B500220092044A0092009A02440092BE
S31508005120009A116008BD0000006C004010B516F02A
S315080051305FF908F059FA20B106480078401C05497D
S3150800514008700548008820B103480088401E0249B7
S31508005150088010BD1F000020600800201FB5002031
S3150800516000900190029003900F4800880F49098823
S31508005170884218D00C48008800EB800202EBC00079
S315080051800B4A81180D226846FEF7CCFF684600F0E8
S3150800519077FA05480088401C0A2190FBF1F201FBCA
S315080051A01200014908801FBD380800203608002073
S315080051B0622A00201FB500200090019002900390FB
S315080051C01548008815490988884223D0144800786C
S315080051D000BB01201249087000201249C8710E4808
S315080051E0008800EB800202EBC0000F4A81180D22EE
S315080051F06846FEF797FF684613F0EAF8012809D1D2
S3150800520005480088401C142190FBF1F201FB1200AE
S31508005210014908801FBD000034080020320800201C
S315080052203A080020240700205E290020F8B500244B
S31508005230002500200090002600236A4640F2EF3140
S315080052404FF4006007F068FC0098C5B2AA2012491E
S31508005250087000BF00BF16E0104830F8140050B1BF
S315080052600E4830F81410204608F0E8FF55200A4981
S315080052700870012605E0094830F81410204608F0A1
S31508005280DDFF601CC4B2AC42E6DB012332464F2187
S3150800529098020FF067FFF8BD2E06002020060020B2
S315080052A01FB5002003900290019000900024444806
S315080052B00088401C80B242490880052800DA1FBDD4
S315080052C005203F4908803F480088401C80B23D4978
S315080052D00880B0F5167F06DB00203B4908704FF4BE
S315080052E016703849088038480078012800D1E6E762
S315080052F0002303AA40F2FF314FF4006007F00CFCCC
S31508005300002302AA40F2D3714FF4006007F004FCB0
S31508005310002301AA4FF4FB614FF4006007F0FCFB81
S31508005320039820BB0298022821D02848407800F02C
S31508005330030090B925484078C0F3810068B923482E
S315080053404078C0F3011040B920484078800920B958
S315080053501E48807800F0030008B1012000E0002014
S3150800536028B90198012802D11949087002E00220DB
S315080053701749087000F02AFD15480078012819D049
S3150800538000236A4640F2EF314FF4006007F0C4FB91
S31508005390002405E00021204608F050FF601CC4B236
S315080053A000988442F6DB012300224F2198020FF071
S315080053B0D9FE84E700F046FCFFF738FF00BF7EE71A
S315080053C0400600203A060020300600202C07002060
S315080053D02F0600202DE9F843054600240026002064
S315080053E0009000278046814600236A4640F2EF3146
S315080053F04FF4006007F090FB0098C6B200BF0CE0BF
S315080054002DB14FF6FF702F4921F8140003E0002054
S315080054102C4921F81400601CC4B2B442F0DB002405
S3150800542009E01DB1FF202849085502E00020264959
S315080054300855601CC4B2082CF3DB2448057085B3F4
S3150800544000242BE004F57C7100236A464FF40060C3
S3150800545007F062FB009807441D480078B8420ADC4A
S315080054601B480078404506DD19480078A0EB08007F
S315080054701FFA80F901E04FF00009B846A9F10100CA
S315080054800121814088B20F4921F81400084630F8F6
S315080054901410204608F0D2FE601CC4B2B442D1DB18
S315080054A00AE0FFE7002405E00021204608F0C6FED2
S315080054B0601CC4B2B442F7DB002006490880BDE888
S315080054C0F88300002006002026060020300600206B
S315080054D0310600203A0600203EB500240020009040
S315080054E00190002302AA40F2F971C81D07F014FBC7
S315080054F00298C0F30720ADF800000298C0B28DF8F4
S315080055000200002302AA40F2FA71881D07F004FB84
S315080055100298000A8DF803000298C0B28DF80400BC
S31508005520002302AA40F2FB71481D07F0F5FA02981B
S31508005530000A8DF805000298C0B28DF80600684684
S3150800554008F0BAFD04460AF0E9FE0349086000209F
S315080055500249086020463EBD7400002078000020FD
S315080055601CB50020019000903E480078401C3D493B
S3150800557008703D480078401C3B490870084600788A
S31508005580782802DD00203949087000236A4640F66B
S31508005590C3714FF4006007F0BFFA002301AA40F276
S315080055A0E1714FF4006007F0B7FA30480078002838
S315080055B04ED1009848B1012008F002FE2C48007828
S315080055C040F010002A49087042E00198642805DA7C
S315080055D02848007878B3019862282DDB01986E2850
S315080055E009DB012008F0ECFD2148007840F01000A6
S315080055F01F4908702CE02048007860B1012008F0A7
S31508005600DFFD1B48007840F010001949087000209B
S31508005610194908700BE0002008F0D2FD14480078FC
S3150800562000F0EF00124908700120134908700120A4
S31508005630104908700CE0FFE7002008F0C1FD0C488F
S31508005640007800F0EF000A49087000200949087040
S315080056500A48006820B109480068401E07490860E2
S315080056601CBD000034070020450700204407002021
S3150800567056000020280000202700002018000020DF
S3150800568010B504466078802805D1A178221D02202D
S3150800569009F014FF07E06078402804D1A178221D9C
S315080056A0022009F00BFF10BD00BFFEE708B5012177
S315080056B048060AF04BFA012105200AF067FA4FF46A
S315080056C00060ADF8000048208DF8030069462048C0
S315080056D004F06EFB4FF48050ADF8000018208DF8EA
S315080056E0030003208DF802006946194804F060FBA0
S315080056F0184800F035F8184800F0F1F90020164966
S3150800570088710120C87100200872487288720120C9
S31508005710C87200208870C87002200871012048717C
S31508005720082008800B4800F0C4F800200B4988724E
S31508005730C872012008730020088048808880C880C5
S31508005740088101204873084600F026F808BD0000C5
S315080057500008014000640040D0080020DC08002052
S3150800576010B504460B48844209D1012148060AF0BF
S31508005770FDF900214FF000700AF0F8F908E0012160
S3150800578088060AF0F3F900214FF080600AF0EEF976
S3150800579010BD00000064004010B50021837A012284
S315080057A002FA03F13D4A126842F001023B4B1A60C5
S315080057B03A4A1C3212688A43384B1C331A60027BF9
S315080057C0CAB9364A0C3212688A43344B0C331A600B
S315080057D04288C38842EA0343304A4032847A42F810
S315080057E034300288838842EA03432C4A4032847A5A
S315080057F002EBC4025360027B012A19D1274A0C32F4
S3150800580012680A43254B0C331A604288038842EA19
S315080058100343224A4032847A42F83430C288838865
S3150800582042EA03431D4A4032847A02EBC4025360BB
S31508005830C27A3AB9194A121D12688A43174B1B1DB8
S315080058401A6006E0154A121D12680A43134B1B1DFF
S315080058501A60028932B9114A143212688A430F4B08
S3150800586014331A600289012A06D10C4A14321268C6
S315080058700A430A4B14331A60427B012A06D1074AA7
S315080058801C3212680A43054B1C331A60034A126815
S3150800589022F00102014B1A6010BD000000660040AC
S315080058A01AB143690B43436102E043698B43436181
S315080058B0704730B5024600200023146824F002041D
S315080058C01460146844F00104146000E05B1C54681A
S315080058D004F001041CB94FF6FF74A342F6D15468CC
S315080058E004F001040CB900206CE08C79012C04D179
S315080058F0146844F08004146003E0146824F08004FB
S315080059001460CC79012C04D1146844F04004146066
S3150800591003E0146824F0400414600C7A012C04D1C6
S31508005920146844F02004146003E0146824F020048A
S3150800593014604C7A012C04D1146844F010041460E5
S3150800594003E0146824F0100414608C7A012C04D146
S31508005950146844F00804146003E0146824F008048A
S315080059601460CC7A012C04D1146844F00404146041
S3150800597003E0146824F0040414608C78A407CD7836
S3150800598044EA05640D7944EA05444D7944EA055428
S315080059900D886D1E2C43D461146824F0010414602C
S315080059A0002300E05B1C546804F001041CB14FF6A8
S315080059B0FF74A342F6D1546804F001040CB1002028
S315080059C000E0012030BD08B54FF4C06009F046FD7F
S315080059D014208DF8000000208DF801008DF80200D3
S315080059E001208DF80300684609F000FD08BD10B5D2
S315080059F000F5D87303EB01131B6803F00403137255
S31508005A00137A53B900F5D87303EB01131B6840F2F8
S31508005A10FF7404EA5353136009E000F5D87303EBE7
S31508005A2001131B686FF0604404EAD303536000F562
S31508005A30D87303EB01131B6803F00203537200F5D6
S31508005A40D87303EB01135B6803F00F03937200F539
S31508005A50D87303EB01135B681B0AD37400F5D8737C
S31508005A6003EB01139B68D37200F5D87303EB01139C
S31508005A709B681C0A147300F5D87303EB01139B6823
S31508005A801C0C547300F5D87303EB01139B681B0EAB
S31508005A90937300F5D87303EB0113DB68D37300F532
S31508005AA0D87303EB0113DB681C0A147400F5D8736A
S31508005AB003EB0113DB681C0C547400F5D87303EB75
S31508005AC00113DB681B0E937421B9C36843F02003E6
S31508005AD0C36003E0036943F02003036110BD00219E
S31508005AE08171C171017241728172C1728170C17016
S31508005AF0032101710221417101210180704710B50E
S31508005B0002460020936803F08063B3F1806F00D1EA
S31508005B1010E0936803F00063B3F1006F01D1012030
S31508005B2008E0936803F08053B3F1805F01D1022047
S31508005B3000E00420042874D002F5C07303EB0013B8
S31508005B401B6803F0010402F5C07303EB00131C6025
S31508005B500B7A7BB94B7A0C8843EA445302F5C07436
S31508005B6004EB00142468234302F5C07404EB001404
S31508005B70236010E00B7A4C6843EAC4034C7A23434B
S31508005B8002F5C07404EB00142468234302F5C074BC
S31508005B9004EB001423608B7A03F00F038B7202F573
S31508005BA0C07303EB00135B6823F00F0402F5C073A0
S31508005BB003EB00135C6002F5C07303EB00135B682C
S31508005BC08C7A234302F5C07404EB001463608B7B64
S31508005BD01C064B7B44EA03440B7B44EA0323CC7A3A
S31508005BE0234302F5C07404EB0014A3608B7C1C06E7
S31508005BF04B7C44EA03440B7C44EA0323CC7B2343D3
S31508005C0002F5C07404EB0014E36002F5C07303EBFD
S31508005C1000131B6843F0010402F5C07303EB00137D
S31508005C201C6010BD10B50246002006E013784340FC
S31508005C30034CE05C521C4B1ED9B20029F6DC10BDA1
S31508005C4080EA01082DE9F04FD1B00024002500268E
S31508005C50A146A246A346002050900027AA204F90AE
S31508005C6000204E9080464D904C90C0211CA8FEF70F
S31508005C7072FA00201B901A9000231AAA40F2EF31FC
S31508005C804FF4006006F048FF1A98C0B24E90002301
S31508005C901AAA4FF48061480006F03EFFDDF86880D6
S31508005CA000231AAA40F201414FF4006006F034FFBF
S31508005CB01A984D9000231AAA4FF4FC614FF400601D
S31508005CC006F02AFF1A9880B250903D4800780128BD
S31508005CD002D13C480088509068460CF011F83422EE
S31508005CE069460DA8FEF71EFA002564E00DA830F8EF
S31508005CF015001B9005F57C7100231AAA4FF4006065
S31508005D0006F00AFF1A98C6B21B9840454FD3102EC4
S31508005D1000DC16B951B0BDE8F08F002412E00BF094
S31508005D20F9FF00EB470030F814B01CA800EB85100B
S31508005D3020F824B01CA800EB851000EB84008470C2
S31508005D40601CC4B2B442EADB1CA901EB85103146DB
S31508005D5012F014FDB01EC4B227E01CA800EB851093
S31508005D6000EB840090F802901CA800EB851030F830
S31508005D7024105098A1EB000A4D98824509D31CA817
S31508005D8000EB851030F82400404502D355204F908B
S31508005D9001E0AA204F90CDF8309129460A484F9B3A
S31508005DA04C9A07F095F9601CC4B2B442D5DBB81911
S31508005DB0C7B2681CC5B24E98854297DB00BFA9E7F3
S31508005DC034060020360600202006002038B50024B8
S31508005DD000250020009000236A4640F2EF314FF478
S31508005DE0006006F099FE0098C5B200BF05E00020E5
S31508005DF0084921F81400601CC4B2AC42F7DB002441
S31508005E0004E0002004490855601CC4B2082CF8DBDD
S31508005E1038BD00002006002026060020F8B549F601
S31508005E20404400250026002000901E480068401CBB
S31508005E301C490860084600681B490968884230D32F
S31508005E400020184908600AF069FA054617480068EC
S31508005E502E1A00236A4640F2EC414FF4006006F021
S31508005E605BFE0098704310490968B0FBF1F4002303
S31508005E70224640F2EC414FF400600FF073F950B13E
S31508005E800AF096FC0AF09AF920460AF04FFC0AF046
S31508005E908FFC0AF09DF9054805604FF41670024913
S31508005EA00860F8BD7800002070000020740000200B
S31508005EB010B500F079FE10BD7FB5002003900025CF
S31508005EC00026029001900024002302AA40F6BF7122
S31508005ED04FF4006006F020FE029800B17FBD002353
S31508005EE003AA40F2D2714FF4006006F015FE0023B3
S31508005EF001AA40F2F4414FF4006006F00DFE642159
S31508005F00019890FBF1F003990844039064210198E5
S31508005F1090FBF1F201FB1200019067480078401CE3
S31508005F2065490870084600780199884203DC039899
S31508005F30401C039006E060480078642802DB0020D5
S31508005F405D4908705D495E4A1278039841F8220057
S31508005F505B480078401C0A2190FBF1F201FB120015
S31508005F605749087047F230510398884260DA039817
S31508005F700D1A48F6A040854201DD0025AEE72E46FB
S31508005F8000236A4640F2E9714FF4006006F0C4FD4A
S31508005F900098B0F57A7F25DA0098002822DD49486E
S31508005FA0007801281ED1002419E04648408804EBF1
S31508005FB04401454A32F8111088420EDD04EB4400CC
S31508005FC0114601EB40004088684304EB440102EBAC
S31508005FD04101898890FBF1F603E0601CC4B2042CE9
S31508005FE0E3DB00BF3948006818B939480068374903
S31508005FF008600023374A40F2F2414FF4006006F089
S315080060008BFD34480068C0EB401040014FF47A71AC
S3150800601090FBF1F02E490968884204DD2E48006895
S3150800602030442D4908602D48006828442B490860EB
S3150800603047F23051039888423CDD0398451A48F6E2
S31508006040A040854201DD002548E72E460098B0F5B8
S315080060507A7F25DA0098002822DD1A480078022877
S315080060601ED1002419E01748408804EB44011C4A55
S3150800607032F8111088420EDD04EB4400114601EB9C
S3150800608040004088684304EB440102EB41018988DB
S3150800609090FBF1F603E0601CC4B2042CE3DB00BFFE
S315080060A00D480068801B0C4908600E4800682844A3
S315080060B00C49086000BF11E7C00700203410002013
S315080060C0B007002084070020A0C10108B8070020F7
S315080060D088070020BC07002098070020A807002092
S315080060E0B8C10108AC07002038B50020009000248C
S315080060F000236A4640F2FE314FF4006006F00CFDBC
S315080061000098322802DA4FF47A7414E0009832289C
S315080061100FDB40F21A41009888420ADC009800EB2F
S31508006120400101EB00100849081A642190FBF1F4BC
S3150800613001E04FF448740023224640F2FD314FF443
S3150800614000600FF00FF838BD568A01007FB50025AC
S3150800615000240020039002900190009004F054F966
S31508006160044648F6A04084420FD847F2305084428D
S315080061700BD34A480088401C4849088008460088CE
S315080061800A2805DD0A20088002E000204349088025
S3150800619047F2265084420FD845F6C05084420BD3A6
S315080061A03F480088401C3E490880084600880A285F
S315080061B005DD0A20088002E000203949088000230E
S315080061C003AA40F2DD714FF4006006F0A5FC002337
S315080061D002AA4FF4FC614FF4006006F09DFC002310
S315080061E06A4640F2DF714FF4006006F095FC002322
S315080061F001AA40F2E9714FF4006006F08DFC03989D
S31508006200B0F57A7F00DA7FBD244800880A280EDBBD
S31508006210A4F5EA40303885B2029806F09DFE029051
S31508006220204A2946029806F029FD1F4908801C487D
S3150800623000880A280EDB47F23050001B85B200980A
S3150800624000F070FA0090194A2946009806F016FDE3
S3150800625015490880144800880199884209DD0120FB
S3150800626013490870104800880199401A1049488057
S3150800627012E00D4800880199884209DA02200C4983
S315080062800870094909880198401A0949488003E0B5
S31508006290002007490870488000BFB4E7C6070020F9
S315080062A0C407002024100020B20700201410002084
S315080062B0840700202DE9F84306460C4600250020F1
S315080062C0009080460027012E04D0022E2AD0032EE5
S315080062D072D188E0002059490880594908805948F0
S315080062E0006847F25851884219DC5648006847F258
S315080062F00851884213DB4FF001080023514840F249
S31508006300244102684FF400600EF02CFF4D480088C7
S3150800631000B24A49088001204B49087001E04FF055
S31508006320000886E048480078012802D04FF00008A7
S315080063307FE04448016804F12800814250DC503867
S315080063404049096888424BDC4FF001083D480088FF
S3150800635000B23B49088047F23050844201DB271AD5
S3150800636002E047F23050071B3548B0F900003349C0
S31508006370B1F9001088420BDD642078433049B1F941
S3150800638000102E4AB2F90020891AB0FBF1F517E081
S315080063902B48B0F900002949B1F9001088420CDAF7
S315080063A0642078432549B1F90010254AB2F900203E
S315080063B0891AB0FBF1F503E03AE04FF0000838E03F
S315080063C000232A4640F225414FF400600EF0CAFE2B
S315080063D018B102201C49087004E04FF0000801E0DB
S315080063E04FF0000825E018480078022802D04FF040
S315080063F000081EE000236A4640F2D2714FF400609E
S3150800640006F08AFB2046009912F00BFB814647F2FC
S315080064103051204612F005FBB9EBD00F05D24FF0EC
S31508006420010800200849087001E04FF0000800E064
S3150800643000BF00BF4046BDE8F88300004C060020B8
S315080064404E06002038070020500600201FB5002001
S3150800645000900190029003900D4800880D49098824
S31508006460884214D00C480A49098800EB01130FCB5F
S315080064708DE80F00684608F0D3FD05480088401CE3
S31508006480142190FBF1F201FB1200014908801FBD9F
S315080064902608002024080020982600201FB5002082
S315080064A000900190029003901948008819490988BC
S315080064B088422CD018481649098800EB01130FCBDF
S315080064C08DE80F009DF80C2001A9009806F0D8FE6B
S315080064D068B10F480088401C1E2190FBF1F201FBB1
S315080064E012000B49088000200C4908700FE00B4881
S315080064F00078401C09490870084600780A2806DD15
S3150800650006F084FE08F05AFA0020044908701FBDF8
S315080065102208002020080020B82400204A0800206D
S315080065201FB50020039047F23050029000200190DA
S315080065300090002302AA40F2D2714FF4006006F0E0
S31508006540EBFA47F23051029888420FDA6A48008817
S31508006550401C69490880084600880A2802DD01208F
S31508006560664908700020664908801EE0644800886D
S31508006570401C6349088008460088322802DD00204E
S315080065805E49087000205C49088047F2305102983D
S3150800659088420ADD5B4801780078401C594A107029
S315080065A00A2902DD002058490870002301AA40F292
S315080065B0E9714FF4006006F0AFFA00236A4640F628
S315080065C0B8314FF4006006F0A7FA03A804F088FA79
S315080065D0012802D00098552803D148480078012898
S315080065E003D003F0DBFE00285AD04FF47A700EF081
S315080065F0F5FF00F08FF800204049087040490880F0
S315080066003D4908800120414908703F480078002824
S3150800661065D003A804F064FA012860D100203A493D
S31508006620087000236A4640F2FA314FF4006006F01B
S3150800663073FA374900980968401A354908600023F3
S315080066406A4640F2F6314FF4006006F065FA0098A3
S3150800665000EB400080000A2190FBF1F02C49096804
S3150800666088423CDB0098C0000A2190FBF1F02849DB
S315080066700968884233DC0023254840F2F241026863
S315080066804FF400600EF06EFD0023214840F2F6310B
S3150800669002684FF400600EF065FD08F081FA1EE00E
S315080066A003F0A0FEA0B100200EF098FF00236A4672
S315080066B040F2FA314FF4006006F02EFA14490098B9
S315080066C0086001201049087000200E49087006E08D
S315080066D003A801F0EDFF012801D100F01BF801988D
S315080066E0B0F57A7F04DB47F230510298884202DD22
S315080066F00020064908701FBD760600207A0600208D
S31508006700780600207B0600206C0600206406002020
S31508006710680600200120704710B501F059FA01F00B
S3150800672013FA10BD38B505460020009000242C4603
S3150800673000236A4640F2E2714FF4006006F0ECF975
S31508006740B4F57A7F02DB0098002801DA204638BDC6
S31508006750009841282BDA0098322807DB0098C0F108
S3150800676041001449096800FB114420E000982828D4
S315080067700CDB104800680F2101FB10440098C0F19B
S3150800678032000D49096800FB114410E00948006809
S315080067900F2101FB1044084800680A2101FB104438
S315080067A00098C0F128000549096800FB11442046F5
S315080067B0CDE70000500700205407002058070020A6
S315080067C038B5054600240020009000BF3BE020486D
S315080067D000EB04100068A84233D11D4800EB0410F2
S315080067E0806898B11A4800EB041000236A4681684D
S315080067F04FF4006006F090F908B9002038BD0098FB
S31508006800552801D10120F9E70020F7E7104800EBE9
S315080068100410406898B10E4800EB041000236A463D
S3150800682041684FF4006006F077F908B90020E5E7FB
S315080068300098552801D10120E0E70020DEE7002076
S31508006840DCE7601C84B20E2CC1D30020D6E700001A
S315080068505CB9010870B500241EE0144901F83440FB
S31508006860002515E0C4EBC400284486B2802E07DA5A
S315080068700F48815D05EBC400401C0C4A115405E025
S31508006880FF2105EBC400401C084A1154681C85B258
S31508006890072DE7DB601C84B2132CDEDB00200549DC
S315080068A008800621044801F0F5F970BD140C002093
S315080068B0940B0020D40600208D9C000810B50024F7
S315080068C07A2009F023FA08B144F001047B2009F084
S315080068D01DFA08B144F002047C2009F017FA08B141
S315080068E044F004047D2009F011FA08B144F00804C4
S315080068F07E2009F00BFA08B144F010047F2009F055
S3150800690005FA08B144F0200409F066F9204610BDDE
S3150800691008B50020009001F03FFA1A4908700846A9
S315080069200078012818D100236A4640F2EF41C002D8
S3150800693006F0F2F8009801280AD11348007818B131
S31508006940032013F033F90AE0022013F02FF906E0CA
S31508006950022013F02BF902E0032013F027F90B4865
S31508006960007818B1032011F0EDFF09E013F0C0F923
S3150800697018B1022011F0E6FF02E0032011F0E2FF51
S3150800698008BD0000D1070020C8070020930000209A
S3150800699010B5044611480088401C052190FBF1F209
S315080069A001FB12000E490988884216D00B4909884E
S315080069B001EB410202EBC1010A4A02EB4100162231
S315080069C02146FDF7AFFB05480088401C052190FBD2
S315080069D0F1F201FB12000149088010BD46080020AB
S315080069E0480800206A2C002000B587B010480088A7
S315080069F010490988884219D00E48008800EB4002E1
S31508006A0002EBC0000C4A02EB4001162201A8FDF772
S31508006A1089FB01A800F022F806480088401C0521D9
S31508006A2090FBF1F201FB12000249088007B000BD95
S31508006A3046080020480800206A2C0020002007E0AD
S31508006A40102200EB4003044901F81320411CC8B288
S31508006A500428F5DB70470000582D00207CB5044655
S31508006A6000251BA103C9CDE900016088A0F60170C5
S31508006A7010B1042828D102E011F07EFC25E000259B
S31508006A8008E01DF805002178134A02EB81114855E4
S31508006A90681CC5B2082DF4DB012122780F4800EBEB
S31508006AA082008170082122780C4820F822100021E3
S31508006AB0227800EB8200C170217801EB4101084A77
S31508006AC052F82100804700E000BF00BF7CBD0000EF
S31508006AD051100F05AAAA2193702D0020702E0020B0
S31508006AE050E9010870B503460C46012000211146FD
S31508006AF005E05D5C665CB54201D0002004E00D1E31
S31508006B00A1F10106F1B2F4D100BF70BD014601F052
S31508006B100F020B1103EB830302EB4302D0B270475B
S31508006B20014664290ADA0A2091FBF0F200FB1212E8
S31508006B3091FBF0F002EB0010C0B270470020FCE7B2
S31508006B4030B502460B464FF6FF7011E012F8014BBE
S31508006B50604000210AE000F0010424B140104AF226
S31508006B600104604000E040104C1CE1B20829F2DB49
S31508006B701C1EA3F10105ABB2E8D130BD00B5034632
S31508006B8005F0BAFF0246802A07D0054840F82230A9
S31508006B9004480068401C03490860104600BD000010
S31508006BA0B82200201408002008B500200090002311
S31508006BB06A464FF47A714FF4006005F0ADFF00990C
S31508006BC0C8B200F030F90099C8B200F074F800991C
S31508006BD0C8B200F009F800F0D5F800F07DF9009980
S31508006BE0C8B200F040F908BD2DE9FC5F07464FF032
S31508006BF0000AD34600254FF6FF76A846B146002080
S31508006C00019030460090012423E0234601AA47213B
S31508006C104FF4806005F080FF23466A4648214FF40A
S31508006C20806005F079FF019885B2009886B2012C3C
S31508006C3004D1A846B146A246A34608E0A84501DA0B
S31508006C40A846A246B14501DDB146A34600BF601C71
S31508006C50C4B2BC42D9DD0023424640F2E1714FF48A
S31508006C6000600EF07FFA534601AA4B214FF480606C
S31508006C7005F052FF002340F2E7714FF40060019AD5
S31508006C800EF070FA00234A4640F2E2714FF40060B3
S31508006C900EF068FA5B466A464C214FF4806005F0B0
S31508006CA03BFF00234FF4FD614FF40060009A0EF09D
S31508006CB059FABDE8FC9F2DE9FC5F07464FF0000A2C
S31508006CC0D34600254FF6FF76A846B1460020019028
S31508006CD030460090012423E0234601AA43214FF4BD
S31508006CE0806005F019FF23466A4644214FF4806008
S31508006CF005F012FF019885B2009886B2012C04D1DE
S31508006D00A846B146A246A34608E0A84501DAA84621
S31508006D10A246B14501DDB146A34600BF601CC4B218
S31508006D20BC42D9DD0023424640F2DF714FF40060D1
S31508006D300EF018FA534601AA49214FF4806005F06F
S31508006D40EBFE002340F2E5714FF40060019A0EF065
S31508006D5009FA00234A464FF4FC614FF400600EF02E
S31508006D6001FA5B466A464A214FF4806005F0D4FE74
S31508006D70002340F2E6714FF40060009A0EF0F2F933
S31508006D80BDE8FC9F7FB500240025002003900290F3
S31508006D9001900090002303AA40F2DF714FF40060CF
S31508006DA005F0BAFE002302AA4FF4FC614FF4006016
S31508006DB005F0B2FEDDE90210884203DDDDE90210C6
S31508006DC0401A02E0DDE90201401A84B20023224695
S31508006DD040F2E3714FF400600EF0C4F9002301AAF3
S31508006DE040F2E1714FF4006005F096FE00236A4612
S31508006DF040F2E2714FF4006005F08EFEDDE9001006
S31508006E00884203DDDDE90010401A02E0DDE90001F1
S31508006E10401A85B200232A4640F2E4714FF4006016
S31508006E200EF0A0F97FBDF8B505460027002600201C
S31508006E30009000240CE0601CC3B26A464021080199
S31508006E4005F06AFE009887B2F01986B2601CC4B2D3
S31508006E50AC42F0DB0023324640F2D1714FF40060B9
S31508006E600EF080F9F8BD2DE9F84F07464FF00009F6
S31508006E70002000900026804601241DE004F2F2312D
S31508006E8000236A464FF4006005F046FE009800F0BD
S31508006E90FF0900250CE005F1300123466A464FF448
S31508006EA0806005F039FE00988044761C681CC5B2DF
S31508006EB04D45F0DB601CC4B2BC42DFDD002E09DDA7
S31508006EC098FBF6FA0023524640F2DE714FF4006052
S31508006ED00EF048F9BDE8F88F1CB50020019000BFF8
S31508006EE00090002301AA40F2D1714FF4006005F02A
S31508006EF013FE00236A4640F2D6714FF4006005F08F
S31508006F000BFE642101984843009990FBF1F4002395
S31508006F10224640F2DD714FF400600EF023F91CBDE5
S31508006F2030B585B00020009001904FF4FA71FE4804
S31508006F30FDF711F9002304AA40F2D6714FF4006058
S31508006F4005F0EAFD0498C5B22025002412E0214682
S31508006F50012303AA980205F0DFFD0398C0F3072171
S31508006F60F14A02F814100398C1B26000401C11548B
S31508006F70601CC4B2AC42EADB002304AA40F2D77113
S31508006F804FF4006005F0C8FD0498C5B20825002432
S31508006F9014E004F13001012303AA980205F0BCFDB0
S31508006FA00398C0F3072160004030DF4A1154039864
S31508006FB0C1B2600041301154601CC4B2AC42E8DB77
S31508006FC0002303AA40F2D1714FF4006005F0A4FD36
S31508006FD00398000AD44981F85000039881F85100B3
S31508006FE0002303AA40F2D2714FF4006005F094FD25
S31508006FF04EF660210398081A03900398000ACA49B6
S3150800700081F85200039881F85300002303AA40F23E
S31508007010E9714FF4006005F07FFD0398000AC24944
S3150800702081F85400039881F85500002303AA40F21A
S31508007030DF714FF4006005F06FFD0398000ABA4946
S3150800704081F85600039881F85700002303AA4FF4E5
S31508007050FC614FF4006005F05FFD0398000AB24931
S3150800706081F85800039881F85900002303AA40F2D2
S31508007070E1714FF4006005F04FFD0398000AAA4934
S3150800708081F85A00039881F85B00002303AA40F2AE
S31508007090E2714FF4006005F03FFD0398000AA2492B
S315080070A081F85C00039881F85D00002303AA40F28A
S315080070B0D3714FF4006005F02FFD0398000A9A4932
S315080070C081F85E00039881F85F00002303AA40F266
S315080070D0F6314FF4006005F01FFD002302AA40F2C6
S315080070E0E9714FF4006005F017FD6421039890FBE1
S315080070F0F1F0029948434FF47A7190FBF1F003904E
S315080071000398000A884981F86000039881F86100AD
S31508007110002303AA40F2D6714FF4006005F0FCFC88
S315080071200398000A804981F86200039881F8630091
S31508007130002303AA40F2D7714FF4006005F0ECFC77
S315080071400398000A784981F86400039881F8650075
S31508007150002303AA40F2FE314FF4006005F0DCFC80
S315080071600398000A704981F86600039881F8670059
S31508007170002003906D4800786C49497808436B49AC
S31508007180897808436949C9780843684909790843E9
S3150800719066494979084318B1039840F001000390FD
S315080071A00398000A604981F86800039881F8690025
S315080071B0002303AA40F2D9714FF4006005F0ACFC35
S315080071C00398000A584981F86A00039881F86B0009
S315080071D0002303AA4FF4FB614FF4006005F09CFC02
S315080071E00398000A504981F86C00039881F86D00ED
S315080071F0012303AA4121980205F08EFC0398000A90
S31508007200494981F86E00039881F86F00002303AAA4
S3150800721040F2E3714FF4006005F07EFC0398000A23
S31508007220414981F87000039881F87100002303AA88
S3150800723040F2D1714FF4006005F06EFC002304AAF9
S3150800724040F2D2714FF4006005F066FC47F2305107
S315080072500498884203DB0498401A049004E047F235
S3150800726030510498081A0490DDE903014843642163
S3150800727090FBF1F003900398000A2B4981F87200FD
S31508007280039881F8730002F0D7FE039028484078E7
S31508007290254981F874002648007881F8750002F0BF
S315080072A043FF03902248C0781F4981F8760020489A
S315080072B0807881F8770002F0ADFF03901C4840798A
S315080072C0194981F878001A48007981F8790003F09D
S315080072D03DF803901648C079134981F87A00144896
S315080072E0807981F87B00002003901048007810B15F
S315080072F00120039001E000200390002003900398EA
S31508007300000A094981F87E00039881F87F00002366
S3150800731003AA40F2F7714FF4006005F0FDFB47F24F
S3150800732030500390039805E0DE3200202606002040
S315080073302C070020000AFE4981F88000039881F88E
S315080073408100002304AA4FF47C714FF4006005F015
S31508007350E3FB0498C5B20020039000240AE0F54830
S3150800736000780121A140084010B1601C039003E099
S31508007370601CC4B2AC42F2DB00BF00200390039845
S31508007380000AEB4981F88200039881F883000023FC
S3150800739003AA4FF4FF614FF4006005F0BDFB0398A4
S315080073A0000AE34981F88400039881F885000023E0
S315080073B004AA40F2D6714FF4006005F0ADFB0498BC
S315080073C0C5B21025002414E004F12001012303AA04
S315080073D0980205F0A1FB0398C0F3072160008E30E0
S315080073E0D34A11540398C1B260008F301154601CFF
S315080073F0C4B2AC42E8DBD048C07FA52805D1182224
S31508007400CD49CB48AE30FCF78DFEFF223821C8485F
S31508007410C630FCF799FE002303AA40F2F6314FF472
S31508007420006005F079FB6421039890FBF1F0039066
S315080074300398000ABE4981F8FE00039881F8FF0008
S31508007440002303AA40F2F9314FF4006005F064FB0B
S315080074500398000AB64981F80001039881F80101EA
S31508007460002303AA40F2EF314FF4006005F054FB05
S315080074700398000AAE4981F80201039881F80301CE
S31508007480002303AA4FF47C714FF4006005F044FB17
S315080074900398000AA64981F80401039881F80501B2
S315080074A0002303AA40F2F1314FF4006005F034FBE3
S315080074B00398000A9E4981F80601039881F8070196
S315080074C0002303AA40F2F2314FF4006005F024FBD2
S315080074D00398000A964981F80801039881F809017A
S315080074E0002303AA40F2F3314FF4006005F014FBC1
S315080074F00398000A8E4981F80A01039881F80B015E
S31508007500002303AA4FF47D714FF4006005F004FBD5
S315080075100398000A864981F80C01039881F80D0141
S31508007520002303AA40F2F5314FF4006005F0F4FA9F
S315080075300398000A7E4981F80E01039881F80F0125
S31508007540002303AA4FF47E714FF4006005F0E4FAB5
S315080075500398000A764981F81001039881F8110109
S31508007560002303AA40F203414FF4006005F0D4FA61
S315080075700398000A6E4981F81201039881F81301ED
S31508007580002303AA40F22D414FF4006005F0C4FA27
S315080075900398000A664981F81401039881F81501D1
S315080075A0002303AA40F23B414FF4006005F0B4FA09
S315080075B00398000A5E4981F81601039881F81701B5
S315080075C0002303AA40F22E414FF4006005F0A4FA06
S315080075D00398000A564981F81801039881F8190199
S315080075E0002303AA40F23C414FF4006005F094FAE8
S315080075F00398000A4E4981F81A01039881F81B017D
S31508007600002303AA40F227414FF4006005F084FAEC
S315080076100398000A464981F81C01039881F81D0160
S31508007620002303AA40F235414FF4006005F074FACE
S315080076300398000A3E4981F81E01039881F81F0144
S31508007640002303AA4FF485614FF4006005F064FA3D
S315080076500398000A364981F82001039881F8210128
S31508007660002303AA40F236414FF4006005F054FAAD
S315080076700398000A2E4981F82201039881F823010C
S31508007680002303AA40F22B414FF4006005F044FAA8
S315080076900398000A264981F82401039881F82501F0
S315080076A0002303AA40F239414FF4006005F034FA8A
S315080076B00398000A1E4981F82601039881F82701D4
S315080076C0002303AA40F22C414FF4006005F024FA87
S315080076D00398000A164981F82801039881F82901B8
S315080076E0002303AA40F23A414FF4006005F014FA69
S315080076F00398000A0E4981F82A01039881F82B019C
S31508007700002303AA40F232414FF4006005F004FA60
S315080077100398000A064981F82C01039881F82D017F
S31508007720002303AA4FF488614FF4006006E00000C6
S31508007730DE320020260600209A08002005F0ECF923
S315080077400398000AFB4981F82E01039881F82F0156
S31508007750002303AA40F233414FF4006005F0DCF938
S315080077600398000AF34981F83001039881F831013A
S31508007770002303AA40F241414FF4006005F0CCF91A
S315080077800398000AEB4981F83201039881F833011E
S31508007790002303AA4FF486614FF4006005F0BCF994
S315080077A00398000AE34981F83401039881F8350102
S315080077B0002303AA40F23E414FF4006005F0ACF9FD
S315080077C00398000ADB4981F83601039881F83701E6
S315080077D0002303AA40F231414FF4006005F09CF9FA
S315080077E00398000AD34981F83801039881F83901CA
S315080077F0002303AA40F23F414FF4006005F08CF9DC
S315080078000398000ACB4981F83A01039881F83B01AD
S31508007810002303AA40F22F414FF4006005F07CF9DB
S315080078200398000AC34981F83C01039881F83D0191
S31508007830002303AA40F23D414FF4006005F06CF9BD
S315080078400398000ABB4981F83E01039881F83F0175
S31508007850002303AA40F234414FF4006005F05CF9B6
S315080078600398000AB34981F84001039881F8410159
S31508007870002303AA40F242414FF4006005F04CF998
S315080078800398000AAB4981F84201039881F843013D
S31508007890002303AA4FF48061480005F03DF90398D8
S315080078A0000AA44981F84401039881F84501002398
S315080078B003AA40F201414FF4006005F02DF9039840
S315080078C0000A9C4981F84601039881F8470100237C
S315080078D003AA40F2F5714FF4006005F01DF903980C
S315080078E0552802D10020039001E001200390039857
S315080078F0000A904981F84801039881F84901002354
S3150800790003AA40F2F6714FF4006005F005F90398F2
S31508007910552802D10020039001E001200390039826
S31508007920000A844981F84A01039881F84B0100232B
S3150800793003AA40F2E9714FF4006005F0EDF80398E8
S31508007940000A7C4981F84C01039881F84D0100230F
S3150800795003AA40F24A414FF4006005F0DDF80398A7
S31508007960000A744981F84E01039881F84F010024F2
S3150800797009E0C4F10D007049095C04F5A8706D4A68
S315080079801154601CC4B20E2CF3DB002409E0C4F1C8
S315080079900D006A49095C04F5B070664A1154601C0A
S315080079A0C4B20E2CF3DB002424E004F58361002323
S315080079B003AA4FF4006005F0AFF80398010EA00083
S315080079C000F5B8705B4A11540398C0F30741A0004C
S315080079D000F2711011540398C0F30721A00000F5B6
S315080079E0B97011540398C1B2A00000F27310115473
S315080079F0601CC4B2082CD8DB002303AA40F2554108
S31508007A004FF4006005F088F80398000A494981F8A0
S31508007A109001039881F89101002303AA40F2564188
S31508007A204FF4006005F078F80398000A414981F898
S31508007A309201039881F89301002303AA40F2574163
S31508007A404FF4006005F068F80398000A394981F890
S31508007A509401039881F89501002303AA4FF48461E1
S31508007A604FF4006005F058F80398000E314981F884
S31508007A7096010398000C81F897010398000A81F88B
S31508007A809801039881F89901002304AA40F2D67157
S31508007A904FF4006005F040F8049803900398000E30
S31508007AA0244981F89A010398000C81F89B01FF206C
S31508007AB081F89C0181F89D01002081F89E0181F8DA
S31508007AC09F01FF2081F8A00181F8A10181F8A20198
S31508007AD081F8A301684606F087FABDF80000A0F50C
S31508007AE0FA60144981F8A6019DF8020081F8A701F9
S31508007AF09DF8030081F8A8019DF8040081F8A90102
S31508007B009DF8050081F8AA019DF8060081F8AB01E9
S31508007B10002081F8AC0181F8AD01FF2081F8AE01A3
S31508007B2081F8AF01FF222E210548FCF70DFB05B0B1
S31508007B3030BD0000DE3200201607002008070020AE
S31508007B408E3400207047000010B5002405F07CFD37
S31508007B500446C4B91B480078401C1A4908700846F0
S31508007B600078032812DD032008701748007868B9E2
S31508007B700023012240F2ED71D0020DF0F3FA012044
S31508007B801149087002E000200E490870B4B10F4888
S31508007B900078401C0D49087008460078032810DD57
S31508007BA00320087000231A4640F2ED714FF4006076
S31508007BB00DF0D8FA00200449087002E000200349B5
S31508007BC0087010BD7006002072060020710600209D
S31508007BD010B5002405F020FD0446C4B91B480078FA
S31508007BE0401C1A49087008460078032812DD03204D
S31508007BF008701748007868B90023012240F2EC7132
S31508007C00D0020DF0AFFA01201149087002E00020F9
S31508007C100E490870B4B10F480078401C0D49087029
S31508007C2008460078032810DD0320087000231A464A
S31508007C3040F2EC714FF400600DF094FA002004490C
S31508007C40087002E000200349087010BD6D06002088
S31508007C506F0600206E06002010B504460548007819
S31508007C6008F0DEFD2146044800F014F801490870C2
S31508007C7010BD00005E0800207D7C00080020034936
S31508007C800870FF2002490870704700005D08002050
S31508007C905E08002030B505460C46094805F0B6F9D9
S31508007CA00346302B09DA074840F823500021C03034
S31508007CB040F82310024840F82340184630BD00001B
S31508007CC0901B0020401D002010B5642101480AF0D1
S31508007CD0CFFD10BDE907010810B54FF47A710648C3
S31508007CE00AF0C6FD642105480AF0C2FD642104486D
S31508007CF00AF0BEFD10BD000075250108ED1D01083E
S31508007D000D4E000810B5642110480DF047FC4FF4DD
S31508007D107A710F480AF0ACFD4FF47A710D480AF0F3
S31508007D20A7FD64210C480AF0A3FD4FF4FA610B483D
S31508007D300AF09EFD4FF47A7109480AF099FD4FF44E
S31508007D407A7108480AF094FD10BD0000B95E000873
S31508007D50D96C0108315601084D6100086186000892
S31508007D6025830008E184000810B501224021034854
S31508007D7002F0FBF800200249087010BD001001400F
S31508007D80300800204FF4FA5200FB02F100BF0A1E29
S31508007D90A1F10101FBD1704738B5002000900023FE
S31508007DA06A4640F2EC714FF4006004F0B5FE0098A4
S31508007DB010B900203749087000236A4640F2D2718C
S31508007DC04FF4006004F0A8FE47F23051009888424C
S31508007DD001DD012038BD00236A4640F2D1714FF417
S31508007DE0006004F099FE0098B0F5E87F07DB2A48A2
S31508007DF0008820B92948007808B90020EAE725480C
S31508007E00007808B10020E5E700236A4640F2F571DC
S31508007E104FF4006004F080FE0098552803D02048EF
S31508007E200078012801D10020D4E709F045FC08B103
S31508007E300020CFE700241CE01A4850F8241000233D
S31508007E406A464FF4006004F067FE009855280ED184
S31508007E50144850F8240040F6C831884205D1124823
S31508007E60007810B901200B4908700020B2E7601CA1
S31508007E70C4B2052CE0D300236A4640F6C3714FF41A
S31508007E80006004F049FE009808B10020A2E701202E
S31508007E90A0E70000CC0700203E070020CA07002004
S31508007EA0CF070020ACCF0108C807002038B500204E
S31508007EB0009000236A4640F2ED714FF4006004F02A
S31508007EC02BFE009810B900202A49087000236A463C
S31508007ED040F2D2714FF4006004F01EFE47F23051B2
S31508007EE00098884201DA012038BD2248007808B196
S31508007EF00020F9E704F0C4FF18B91F4800780128E4
S31508007F0007D104F0BDFF10B100201C4908700020FD
S31508007F10EAE709F0D1FB08B10020E5E7002419E0FB
S31508007F20174850F8241000236A464FF4006004F0FE
S31508007F30F3FD009855280BD1114850F8240040F657
S31508007F40C931884202D101200A4908700020CBE7CE
S31508007F50601CC4B2052CE3D300236A4640F6C371FD
S31508007F604FF4006004F0D8FD009808B10020BBE784
S31508007F700120B9E7CB070020CF070020C90700205A
S31508007F8098CF010808B50020009000236A4640F201
S31508007F904B414FF4006004F0BFFD0098012802D061
S31508007FA0009802280CD131490098087000231A4617
S31508007FB040F24B414FF400600DF0D4F806F06EFC29
S31508007FC000236A464FF489614FF4006004F0A4FD6B
S31508007FD0009801280CD106F07BFB012808D1002364
S31508007FE01A464FF48961C0020DF0BCF806F056FC3B
S31508007FF00098A5280CD100231A464FF489614FF43E
S3150800800000600DF0AFF801201949087006F046FC2B
S315080080100098552809D100231A464FF489614FF470
S3150800802000600DF09FF806F039FC00236A4640F21E
S3150800803003414FF4006004F06FFD4FF6FF7100989E
S31508008040884202D101200B49087000236A4640F293
S31508008050F1414FF4006004F05FFD0098012804D157
S3150800806005F0CAF901200449087008BD94000020EB
S315080080708E000020150000209000002010B5FFF7A4
S3150800808015FF264908700846007801280CD12449AE
S31508008090087024480078022802D1002011F086FDD5
S315080080A001202149087019E01F48007880B1012095
S315080080B006F05AF841F2883005F095F9012011F0DA
S315080080C075FD41F2883005F08EF9002006F04CF86F
S315080080D0002015490870012011F068FD1348007842
S315080080E018B1012010F02EFC16E011F025FE80B123
S315080080F0002010F027FC0E4801780078401C0C4A36
S315080081001070642908DD00201146087009490870B6
S3150800811002E0012010F016FC10BD0000D007002078
S31508008120C907002021000020E9070020930000204D
S31508008130EA070020CE07002008B52020ADF8000089
S3150800814003208DF8020004208DF8030069460248D2
S3150800815001F02EFE08BD00000008014008B52020E9
S31508008160ADF8000003208DF8020014208DF80300F6
S315080081706946024801F01CFE08BD000000080140DF
S3150800818010B5012000F06AF806F024F910BD0000C9
S3150800819010B54FF4004000F067F850B31B4800785C
S315080081A008B31B48007803281FD01A48007801280E
S315080081B01BD119480078C0B91848007814490978BD
S315080081C0884212DA1648007801280ED105F03CFAE2
S315080081D058B9012005F0C8FF012006F007F80A2063
S315080081E01049087001E006F0F5F84FF4004000F079
S315080081F035F84FF4005000F037F828B14FF4005026
S3150800820000F02CF806F0E6F810BD000090000020FB
S315080082108C000020C90700201E00002092000020C4
S31508008220D00700209100002010B5082000F016F8AD
S3150800823006F0D0F810BD10B5102000F00FF806F0C3
S31508008240C9F810BD10B5202000F008F84FF480706A
S3150800825000F004F806F0BEF810BD000001490860F9
S315080082607047000014040140014600200022074B15
S315080082701B6803EA0102054B14331B680B4013B154
S315080082800AB1012000E00020704700000004014008
S31508008290002123498279002A3AD00A4612680368DF
S315080082A09A430B461A600A1D126803689A430B1D07
S315080082B01A60027911440A6803681A430A60184A60
S315080082C00832126803689A43154B08331A601A1D58
S315080082D0126803689A43124B0C331A604279102AC3
S315080082E00ED11A1F126803681A430D4B08331A6019
S315080082F01A1D126803681A43094B0C331A600DE0FD
S315080083000749427911440A6803681A430A6005E076
S31508008310027911440A6803689A430A6070470000A4
S31508008320000401401CB50020019000900024644818
S31508008330007858B963480078401C624908700846B6
S3150800834000781E2802DD01205D4908705C48007827
S3150800835000B91CBD002301AA40F2DF714FF400608A
S3150800836004F0DAFB00236A4640F23B414FF4006012
S3150800837004F0D2FBDDE90001441A00236A4640F204
S31508008380D2714FF4006004F0C7FB4F48006847F20B
S315080083903051081A0099884272DD142C15DA4B48B8
S315080083A00078012811D1002301AA40F2E971C00220
S315080083B004F0B2FB0198C0F57A70142190FBF1F035
S315080083C0434908600020414908704148006800B9DF
S315080083D0BFE7142094FBF0F100FB11403D4908600B
S315080083E0002301AA40F2E9714FF4006004F094FBFF
S315080083F0142C4ADA40F2E7310198884245DA3548C2
S3150800840000683549096888423FD0324800683249D1
S315080084100860304800682E4909684843C0F57A70F4
S3150800842040F2E73188422CDA2A4800682849096868
S315080084304843C0F57A700199884226DD25480068C8
S31508008440234909684843C0F57A700199401A2349B7
S315080084500860084600681E490968884206DD1C4A05
S315080084600199126888180DF0B9F80EE019490968DB
S31508008470174A12685143C1F57A700DF0AFF804E057
S3150800848016E040F2E7300DF0A9F8002301AA40F201
S31508008490E9714FF4006004F03FFB022C0EDA0198F4
S315080084A0B0F57A7F0ADA40F2E7300DF097F805E082
S315080084B001200649087000200549086000BF48E702
S315080084C02300002022000020FC0700202D000020A9
S315080084D03800002030000020340000203C00002036
S315080084E01CB500200190009000245448007858B923
S315080084F053480078401C52490870084600781E28E0
S3150800850002DD01204D4908704C48007800B91CBDB1
S31508008510002301AA40F2D1714FF4006004F0FCFA7E
S3150800852000236A4640F6B9314FF4006004F0F4FAC5
S31508008530DDE90010884203DC012042490870E6E7BD
S31508008540DDE90010441A00236A4640F2D2714FF45E
S31508008550006004F0E1FA3C48006847F230510844EC
S315080085600099884262DA64204443B4F5FA6F14DA53
S3150800857034480078012810D10023344A40F2E971C2
S31508008580C00204F0C9FA31480068642190FBF1F092
S315080085902F49086000202B4908702D48006800B94B
S315080085A0B5E7142094FBF0F02A490860002301AAD5
S315080085B040F2E9714FF4006004F0AEFAB4F5FA6FD0
S315080085C03ADA0198002837DD22480068224908600F
S315080085D0204800681E490968484300282CDD1D48C4
S315080085E000681B49096848430199884224DA1949F1
S315080085F001980968164A126801FB120017490860B3
S315080086000846006812490968884206DD104A019939
S315080086101268881A0CF0E2FF0EE00E4909680C4A47
S31508008620126801FB02F00CF0D9FF05E001200549AC
S31508008630087000200649086000BF68E7250000208A
S315080086402400002026000020FC07002050000020FF
S315080086504800002040000020440000204C00002074
S315080086602DE9F0411048006810490968451A002D9F
S3150800867000DA6D4201F0C8FE044647F230508442E3
S3150800868010DA071B95FBF7F6C6EB06108000642187
S3150800869090FBF1F60023324640F2EA714FF400608F
S315080086A00CF060FDBDE8F0818C07002088070020EB
S315080086B07CB50446002001900090002540F6A9707C
S315080086C0FEF77EF840B1A07820F00300401CA070A9
S315080086D001203A490870102540F6AA70FEF770F88E
S315080086E040B1A07820F00300401CA0700120334957
S315080086F00870112540F6AC70FEF762F840B1A07814
S3150800870020F00300401CA07001202C490870122597
S3150800871040F6AD70FEF754F840B1A07820F003009B
S31508008720401CA0700120254908701325002301AAC2
S3150800873040F2D1714FF4006004F0EEF900236A4666
S315080087404FF4FC614FF4006004F0E6F940F2DC51A6
S315080087500098884202DB0198322814DA1848007813
S31508008760401C17490870084600780A280EDD0A20BA
S315080087700870E07820F00C00001DE07001200F4919
S315080087800870172502E000200D49087040F6A4700D
S31508008790FEF716F818B1012008490870342507486D
S315080087A00078012806D100232A4640F2EB71C00260
S315080087B00CF0D8FC014800787CBD00007306002048
S315080087C0740600200549096821F01001034A116062
S315080087D011460968014311607047000000200240F5
S315080087E001460020034A106800F03800084310606C
S315080087F0704700000020024010B5002220210748DB
S3150800880001F0B3FB01224021044801F0AEFB00222F
S315080088104021024801F0A9FB10BD000000080140F4
S315080088202DE9F04105460E46174601200FF025FDB5
S3150800883000F084F8A02000F0FBF807F00BFB38B92D
S3150800884000F094F800200FF018FD0020BDE8F08134
S31508008850301200F0EDF807F0FDFA30B900F086F8AE
S3150800886000200FF00AFD0020F0E7F0B200F0E0F873
S3150800887007F0F0FA30B900F079F800200FF0FDFCA7
S315080088800020E3E700F05AF8A12000F0D1F807F03D
S31508008890E1FA30B900F06AF800200FF0EEFC00208B
S315080088A0D4E700241AE000F025F805F8010B781E35
S315080088B0A0420FD1012220210D4801F056FB0122CA
S315080088C040210B4801F051FB00224021084801F0E5
S315080088D04CFB01E0FFF790FF601C84B2BC42E2DB70
S315080088E000F044F800200FF0C8FC0120AEE70000B5
S315080088F00008014070B50024FFF71EFC002515E0AE
S315080089006006040E012240210B4801F02EFB2021AF
S31508008910094801F021FB012801DB44F0010400228B
S315080089204021054801F021FB681CC5B2082DE7DB8C
S31508008930FFF714FC204670BD0008014010B501225F
S315080089404021094801F011FB01222021064801F0C7
S315080089500CFB00222021044801F007FB00224021DD
S31508008960014801F002FB10BD0008014010B50022C5
S315080089702021074801F0F9FA01224021044801F0B4
S31508008980F4FA01222021024801F0EFFA10BD000096
S31508008990000801402DE9F04104460D46174601201E
S315080089A00FF06BFCFFF7CAFFA02000F041F807F0B4
S315080089B051FA38B9FFF7DAFF00200FF05EFC002005
S315080089C0BDE8F081281200F033F807F043FA30B911
S315080089D0FFF7CCFF00200FF050FC0020F0E7E8B2CC
S315080089E000F026F807F036FA30B9FFF7BFFF002087
S315080089F00FF043FC0020E3E700260FE014F8010B14
S31508008A0000F016F807F026FA30B9FFF7AFFF002096
S31508008A100FF033FC0020D3E7701C86B2BE42EDDBB4
S31508008A20FFF7A4FF00200FF028FC0120C8E700008C
S31508008A3070B5044600251CE004F080066006040EA6
S31508008A40802E05D1012220210B4801F08EFA04E080
S31508008A5000222021084801F088FA01224021064810
S31508008A6001F083FA00224021034801F07EFA681CCF
S31508008A70C5B2082DE0DB70BD000801400EB5002028
S31508008A8002905720019000200090002302AA4FF47C
S31508008A90FF614FF4006004F03FF8002301AA40F29A
S31508008AA04A414FF4006004F037F800236A464FF451
S31508008AB07B614FF4006004F02FF8009888B100231A
S31508008AC01A4640F6AE714FF400600CF04BFB2F4887
S31508008AD0007800F0DF002D49087007200FF032FFFC
S31508008AE00EBDDDE9011088420FDB29480078401CDD
S31508008AF027490870002027490870254800781E284D
S31508008B0017DB1E202249087013E00298C01C019941
S31508008B1088420EDC1F480078401C1E490870002059
S31508008B201B4908701B4800781E2802DB1E201949BD
S31508008B300870002302AA40F6AE714FF4006003F0F5
S31508008B40EBFF15480078A8B1144801880088401C36
S31508008B50124A1080B1F5167F02DD00200E49087012
S31508008B6006200FF0EFFE0948007840F0200007497C
S31508008B70087009E00298012803D106200FF0E2FEEA
S31508008B8002E007200FF0DEFE00BFA9E7560000202E
S31508008B90F1070020F20700204607002048070020BA
S31508008BA070B504460D46262D76D2DFE805F0751316
S31508008BB03451585F7D9AB7F1EFEEEDECEBEAE9E850
S31508008BC0E7E6E5E4E3E2E1E0DFDEDDDCDBDAD9D89F
S31508008BD0D7D6D5D411F02EFB064611F007FB06436F
S31508008BE03EB1F048007820F00300801CED4908707B
S31508008BF010E04CB1022C00DD0224EA48007864F348
S31508008C000100E849087005E0E648007820F003000E
S31508008C10E4490870C4E111F031FB38B1E148007845
S31508008C2020F00C000830DF49087010E04CB1022C27
S31508008C3000DD0224DB48007864F38300D949087014
S31508008C4005E0D848007820F00C00D6490870A7E15E
S31508008C50D448007864F30510D2490870A0E1D148D9
S31508008C60007864F38710CF49087099E111F00AFA81
S31508008C7038B1CC48407820F00300801CC9494870B8
S31508008C8011E054B1022C00DD0224C648407864F392
S31508008C900100C449487006E081E1C248407820F0E6
S31508008CA00300C04948707BE111F010FA38B1BD489D
S31508008CB0407820F00C000830BA49487010E04CB1F2
S31508008CC0022C00DD0224B748407864F38300B549D6
S31508008CD0487005E0B348407820F00C00B149487068
S31508008CE05EE111F017FA38B1AE48407820F030004E
S31508008CF02030AC49487010E04CB1022C00DD02244B
S31508008D00A848407864F30510A649487005E0A548C8
S31508008D10407820F03000A349487041E111F01EFA6E
S31508008D2038B1A048407820F0C00080309D4948708E
S31508008D3010E04CB1022C00DD02249A48407864F316
S31508008D4087109849487005E09648407820F0C0009A
S31508008D509449487024E11BE113E10BE101E1EDE0E0
S31508008D60E5E0DDE0D5E0CDE0C5E0BDE0ABE0A3E0C1
S31508008D709BE093E08BE083E07BE073E071E069E0E1
S31508008D8067E05FE057E04FE047E03FE01DE0FFE7C0
S31508008D9011F098FA38B18348807820F00300801CD7
S31508008DA08049887010E04CB1022C00DD02247D4811
S31508008DB0807864F301007B49887005E079488078FB
S31508008DC020F0030077498870EAE011F0EDFA0646CC
S31508008DD011F00EFB06433EB17248807820F00C0075
S31508008DE008307049887010E04CB1022C00DD02246E
S31508008DF06C48807864F383006A49887005E069489E
S31508008E00807820F00C0067498870C9E0654880784A
S31508008E1064F3051063498870C2E06248807864F399
S31508008E20871060498870BBE05E48C07864F301002B
S31508008E305C49C870B4E05B48C07864F3830059495C
S31508008E40C870ADE05748007964F3000055490871C9
S31508008E50A6E0A5E05348007964F3820051490871F9
S31508008E609EE000BF4F48007964F304104D4908712D
S31508008E7096E04C48007964F345104A4908718FE03A
S31508008E804848007964F386104649087188E04548E1
S31508008E90007964F3C7104349087181E04148407975
S31508008EA064F300003F4948717AE03E48407964F32C
S31508008EB041003C49487173E03A48407964F38200BE
S31508008EC0384948716CE034B13648407964F3C300D8
S31508008ED03449487107E012F093F93249497960F349
S31508008EE0C3013048417100BF2E48407920F0100078
S31508008EF02C49487154E02B48407964F345102949B8
S31508008F0048714DE02748407964F386102549487131
S31508008F1046E02448407964F3C710224948713FE087
S31508008F202048807964F300001E49887138E01D489E
S31508008F30807964F341001B49887131E011F0E6F944
S31508008F4000B93CB11748807920F00400001D154986
S31508008F50887105E01348807920F00400114988716A
S31508008F601EE011F01FF90F49897960F3C3010D4816
S31508008F70817115E00B48807964F3041009498871FA
S31508008F800EE00848807964F386100649887107E080
S31508008F900448807964F3C7100249887100E000BF6D
S31508008FA000BF70BD2C07002010B5314800780A288C
S31508008FB016DB00202E49087000F0E0FD00F0FAFDEF
S31508008FC000F020FE00F0D8FA00F0F4FA00F012FBE8
S31508008FD000F030FB27480088012801D100F056FB35
S31508008FE023484078322806DB00F056F90DF032FFA8
S31508008FF000201F4948701E48C0781E280CDB00F068
S3150800900043F800F0DDF900F07DFC00F0E5FC00F027
S31508009010FBFC00201649C87015488078642802DBD6
S3150800902000201349887012480079642804DB002060
S315080090300F490871104908700D484079642804DB07
S3150800904000200B4948710D49087009488079642841
S3150800905002DB0020064988710548C079642806DBCA
S3150800906000200349C871064908700649087010BDF2
S3150800907024070020420700204E0800203008002060
S315080090803A0800208F0800202DE9FC47002301AA92
S3150800909040F2FA314FF4006003F03EFD0A210198D0
S315080090A090FBF1F001900198C1B2774880F88510DD
S315080090B00198010A744880F88610002301AA40F234
S315080090C0FB314FF4006003F027FD0A21019890FB5D
S315080090D0F1F001900198C1B26B4880F887100198A9
S315080090E0010A694880F88810002301AA4FF47F71A5
S315080090F04FF4006003F010FD0198FBF750F906469F
S31508009100624A634BFBF7D9F804460022614BFBF72A
S315080091102DF88046FBF754F901900198C1B25A48D8
S3150800912080F88910002301AA40F2DE714FF400602E
S3150800913003F0F2FC0198282803DB01980A30019015
S3150800914005E00198C0F12800C0F1320001900198AD
S31508009150C1B24D4880F88A10002180F88B10002390
S3150800916001AA40F6A7714FF4006003F0D5FC00236E
S315080091706A4640F6A6714FF4006003F0CDFC0198EC
S3150800918030B9009820B901213F4880F85B101EE0ED
S315080091900198022804D102213B4880F88B1016E07A
S315080091A00198012804D10321374880F88B100EE076
S315080091B00098012804D10421334880F88B1006E072
S315080091C00098022803D105212F4880F88B10002328
S315080091D001AA40F6A1714FF4006003F09DFC00233C
S315080091E06A464FF47A614FF4006003F095FC0198E3
S315080091F008B9009810B30198022808D1224890F8B7
S315080092008B0040F00801204880F88B1016E0019882
S31508009210012808D11C4890F88B0040F010011A4824
S3150800922080F88B100AE00098012807D1164890F8B4
S315080092308B0040F01801144880F88B10002301AA0F
S3150800924040F6A8714FF4006003F066FC0198012807
S3150800925008D10D4890F88B0040F040010A4880F884
S315080092608B100AE00198022807D1074890F88B006E
S3150800927040F08001044880F88B100021024880F8ED
S315080092808C10BDE8FC870000FC0D00209A9999997E
S315080092909999B93F0000E03F2DE9FF47002301AA4D
S315080092A040F2E9714FF4006003F036FC6E21019834
S315080092B048430390DDF80CA0002302AA40F2F631D9
S315080092C04FF4006003F028FC00236A4640F2D1718F
S315080092D04FF4006003F020FCDDE9011048434FF429
S315080092E07A7190FBF1F0009948430290DDE902019A
S315080092F090FBF1F000EB8000400003902C490398A6
S3150800930048710398010A2A48817164209AFBF0FA89
S31508009310274880F807A04FEA1A210172002303AAFA
S3150800932040F2FE314FF4006003F0F6FB0398C1B239
S315080093301F4841720398010A1D488172002303AA37
S3150800934040F2D2714FF4006003F0E6FB47F2305169
S315080093500398884204DB00211548C172017324E092
S3150800936047F230510398081A03900398002802DA46
S315080093700398404203900398FBF711F806460D4AF6
S315080093800D4BFAF79AFF044600220C4BFAF795FFA5
S315080093908046FBF715F803900398C1B20448C172DA
S315080093A00398C0F3032102480173BDE8FF87000054
S315080093B0FC0D00209A9999999999B93F000059404E
S315080093C038B500246A484078C0F38100022801DBDA
S315080093D044F0010466484078C0F38100012801D1B1
S315080093E044F002046248407800F00300012801D1E5
S315080093F044F004045E48407800F00300022801DBCC
S3150800940044F008045A4840780221B1EB901F01DC69
S3150800941044F01004564840780121B1EB901F01D161
S3150800942044F0200452484078C0F30110012801D1C5
S3150800943044F040044E484078C0F30110022801DB8E
S3150800944044F080044B4880F895400024484800784A
S31508009450C0F38100022801DB44F001044448007887
S31508009460C0F38100012801D144F002044048007885
S3150800947000F00300012801D144F004043C480078B8
S3150800948000F00300022801DB44F00804384800789D
S315080094900221B1EB901F01DC44F010043448007837
S315080094A00121B1EB901F01D144F020043048007827
S315080094B0C0F30110012801D144F040042C4800787B
S315080094C0C0F30110022801DB44F08004294880F823
S315080094D0964000242648C07800F00300012801D1F0
S315080094E044F001042248C07800F00300022801DB9A
S315080094F044F002041E48807800F00300012801D1D8
S3150800950044F004041A48807800F00300022801DBBE
S3150800951044F0080416488078C0F38100012801D178
S3150800952044F0100412488078C0F38100022801DB59
S3150800953044F020040E4880780121B1EB901F01DC2D
S3150800954044F0400400236A464FF47C614FF40060FF
S3150800955003F0E2FA06488079C0F38000012801DAB0
S31508009560009808B144F08004024880F8974038BD56
S315080095702C070020FC0D002038B5042415E02146F0
S3150800958001236A46980203F0C7FA0098C2B2201F60
S315080095904100074842540098C0F30722201F4100A3
S315080095A0491C03484254601CC4B2082CE7DB38BD8A
S315080095B0210E002038B5082417E0214601236A4603
S315080095C0980203F0A9FA0098C2B2A4F10800410073
S315080095D0074842540098C0F30722A4F10800410046
S315080095E0491C03484254601CC4B20C2CE5DB38BD48
S315080095F0310E002038B50C2417E0214601236A46AF
S31508009600980203F089FA0098C2B2A4F10C0041004E
S31508009610074842540098C0F30722A4F10C00410001
S31508009620491C03484254601CC4B2102CE5DB38BD03
S31508009630410E002038B5102417E0214601236A465A
S31508009640980203F069FA0098C2B2A4F1100041002A
S315080096500D4842540098C0F30722A4F110004100B7
S31508009660491C09484254601CC4B2122CE5DB00218F
S315080096700548553880F8591080F85A1080F85B105C
S3150800968080F85C1038BD0000510E002000B58BB084
S3150800969028216846FAF75FFD9848007805287CD2A5
S315080096A0DFE800F0033B7CBCF5000021944880F815
S315080096B0D51000230AAA4FF483614FF4006003F023
S315080096C02BFA0A98010E8E4880F8D6100A98010CD3
S315080096D08B4880F8D7100A98010A894880F8D8106C
S315080096E00A98C1B2864880F8D91000230AAA40F21F
S315080096F019414FF4006003F00FFA0A98010E8048EA
S3150800970080F8DA100A98010C7D4880F8DB100A9870
S31508009710010A7B4880F8DC10E2E00121784880F8ED
S31508009720D51000230AAA40F219414FF4006003F04D
S31508009730F3F90A98C1B2724880F8D61000230AAA2B
S3150800974040F21A414FF4006003F0E6F90A98010E58
S315080097506B4880F8D7100A98010C694880F8D81029
S315080097600A98010A664880F8D9100A98C1B264486E
S3150800977080F8DA1000230AAA40F21B414FF4006071
S3150800978003F0CAF90A98010E5D4880F8DB100A98BA
S31508009790010C5B4880F8DC10A2E0A0E001215848E3
S315080097A080F8D51000230AAA40F21B414FF4006046
S315080097B003F0B2F90A98010A514880F8D6100A98B7
S315080097C0C1B24F4880F8D71000230AAA40F21C41BC
S315080097D04FF4006003F0A0F90A98010E484880F893
S315080097E0D8100A98010C464880F8D9100A98010A38
S315080097F0434880F8DA100A98C1B2414880F8DB106D
S3150800980000230AAA40F21D414FF4006003F084F9D0
S315080098100A98010E3A4880F8DC1061E001213848C0
S3150800982080F8D51000230AAA40F21D414FF40060C3
S3150800983003F072F90A98010C314880F8D6100A9894
S31508009840010A2F4880F8D7100A98C1B22C4880F828
S31508009850D81000230AAA40F21E414FF4006003F014
S315080098605BF90A98010E264880F8D9100A98010C67
S31508009870234880F8DA100A98010A214880F8DB1094
S315080098800A98C1B21E4880F8DC1029E0FFE70121DA
S315080098901B4880F8D51000230AAA40F21F414FF44E
S315080098A0006003F039F90A98010E154880F8D610B9
S315080098B00A98010C124880F8D7100A98010A10482D
S315080098C080F8D8100A98C1B20D4880F8D91000213E
S315080098D080F8DA1080F8DB1080F8DC1000E000BFB2
S315080098E000BF06480078401C0449087008460078FE
S315080098F0052801D1002008700BB000BD4A070020DA
S31508009900FC0D002038B500236A4640F2EA714FF490
S31508009910006003F001F93C21009890FBF1F0C4B215
S315080099202C4880F8A540009890FBF1F201FB120044
S31508009930C4B2284880F8A64000236A4640F235415A
S315080099404FF4006003F0E8F80098C1B2214880F8A7
S31508009950A7100098010A1F4880F8A81000236A4635
S3150800996040F239414FF4006003F0D6F847F230511F
S315080099700098081A00900098002802DA00984042D9
S315080099800090009800EB8000400000900098C1B25B
S31508009990104880F8A9100098010A0E4880F8AA1005
S315080099A0002180F8AB1000236A4640F2D3714FF4C9
S315080099B0006003F0B1F8009810B10098022803D1AE
S315080099C00821044880F8AB100021024880F8AC1042
S315080099D038BD0000FC0D002038B5002400BF0EE09D
S315080099E004F1300101236A46980203F095F80098BD
S315080099F00A3000900098C1B202480155641C042C34
S31508009A00EEDB38BDB10E002010B586B000215948EE
S31508009A1080F8C51080F8C61080F8C710002305AA7C
S31508009A2040F2D1714FF4006003F076F8059800EB28
S31508009A308000400005900598C1B24E4880F8C810CD
S31508009A400598C0F304214B4880F8C910002305AADD
S31508009A5040F2FD314FF4006003F05EF80A210598E4
S31508009A6090FBF1F00590434890F8C900059940EA43
S31508009A704110C1B23F4880F8C9100598C0F3C40127
S31508009A803C4880F8CA10002305AA40F2D2714FF468
S31508009A90006003F041F847F230510598081A05901E
S31508009AA0059800EB800040000590324890F8CA00FF
S31508009AB0059940EA4110C1B22E4880F8CA100598A7
S31508009AC0C0F3C7012B4880F8CB100598C0F3C42112
S31508009AD0284880F8CC1000240598002801DD44F0B9
S31508009AE0200425480078244949780843224989787A
S31508009AF008432149C97808431F49097908431E497B
S31508009B004979084308B144F04004002304AA4FF4F5
S31508009B107A614FF4006002F0FFFF002303AA40F6C3
S31508009B20A6714FF4006002F0F7FF002302AA40F680
S31508009B30A4714FF4006002F0EFFF002301AA40F67B
S31508009B40AC714FF4006002F0E7FF0498022808D0D1
S31508009B500398022805D00298022802D00198022804
S31508009B6000D18024034890F8CC10214380F8CC100B
S31508009B7006B010BDFC0D00202606002038B50024CE
S31508009B8013E0214601236A46980202F0C5FF0098B1
S31508009B90C2B2074800F814200098C0F307226100F3
S31508009BA0491C03484254601CC4B2042CE9DB38BD86
S31508009BB0110E002038B5002400236A4640F2E171F0
S31508009BC04FF4006002F0A8FF00982838009000982B
S31508009BD0C4B2A007040E0A4880F86740002400981B
S31508009BE0C4B2A410064880F86840002180F86910BD
S31508009BF080F86A1080F86B1080F86C1038BD000089
S31508009C00FC0D002008B50020009000236A4640F2AB
S31508009C10E1714FF4006002F07FFF09488079C0F3D4
S31508009C208010012802DA00986E2804DB0121054815
S31508009C3080F8751003E00021024880F8751008BD09
S31508009C402C070020FC0D002010B50D48007850B1F7
S31508009C500C48007838B90C48007820B90FF0B8F9E4
S31508009C6000200749087000F051F8074800780128D5
S31508009C7004D10EF0CFFB00200349087010BD000088
S31508009C80E5060020D7060020E606002010B5642069
S31508009C90194908600820087318480088132824DA28
S31508009CA017480078012820D100240AE013480088C4
S31508009CB004EBC0001349095C0F48001D0155601CE0
S31508009CC0C4B2082CF2DB0D480088401C0B490880FA
S31508009CD009480178021D0C480078FAF7F1FE0621BA
S31508009CE0AFF25700FDF7D6FF04E0002004490870DC
S31508009CF00249088010BD0000AC0C0020D4060020E4
S31508009D00D7060020140C0020C806002070B5154898
S31508009D10008815490988884223D0144C114D2D888E
S31508009D2004EB0514237B114C0E4D2D8804EB05140A
S31508009D30A2680E4C0B4D2D8804EB051421790B4CAB
S31508009D40084D2D8804EB051420680FF0ABF905487B
S31508009D500088401C142190FBF1F201FB1200014916
S31508009D60088070BDF2060020F0060020BC0C00201A
S31508009D7030B500228B071C0F0F2303FA04F20B4B96
S31508009D808C1053F824309343084C8D1044F8253032
S31508009D9023468C1053F824308C07240F00FA04F459
S31508009DA02343024C8D1044F8253030BD080001408D
S31508009DB02DE9F04102460025002600200023002454
S31508009DC0002791F803C00CF00F0591F803C00CF0BA
S31508009DD0100CBCF1000F03D091F802C04CEA05053F
S31508009DE091F800C0BCF1000F31D0146800202BE0B8
S31508009DF04FF0010C0CFA00F3B1F800C00CEA0306A8
S31508009E009E4220D183004FF00F0C0CFA03F7BC4397
S31508009E1005FA03FC4CEA040491F803C0BCF1280FC8
S31508009E2006D14FF0010C0CFA00FCC2F814C00AE087
S31508009E3091F803C0BCF1480F05D14FF0010C0CFA9C
S31508009E4000FCC2F810C0401C0828D1D31460B1F831
S31508009E5000C0BCF1FF0F34DD546800202EE000F18D
S31508009E60080C4FF0010808FA0CF3B1F800C00CEA28
S31508009E7003069E4221D183004FF00F0C0CFA03F71C
S31508009E80BC4305FA03FC4CEA040491F803C0BCF190
S31508009E90280F05D100F1080C08FA0CF8C2F814804E
S31508009EA091F803C0BCF1480F07D100F1080C4FF038
S31508009EB0010808FA0CF8C2F81080401C0828CED30E
S31508009EC05460BDE8F0810000F0B50A46002300247E
S31508009ED00021002500F00046B6F1004F02D11D4EC4
S31508009EE0F16901E01B4E7168C0F3034583B200F4C3
S31508009EF04016B6F5401F08D121F07061154E7668F8
S31508009F0026F07066134F7E6012E000F48016B6F5F0
S31508009F10801F06D1032606FA05F4A14341F07061B5
S31508009F2006E0460D360103FA06F6B14341F07061C4
S31508009F3022B1460D360103FA06F6314300F0004613
S31508009F40B6F1004F02D1034EF16101E0014E716096
S31508009F50F0BD0000000001400246002093680B4057
S31508009F600BB1012000E0002070470AB1016100E052
S31508009F70416170471FB50020009001900290039040
S31508009F800F4800880F490988884218D00C4800886D
S31508009F9000EB800202EBC0000B4A81180D226846CE
S31508009FA0FAF7C0F8684603F054F805480088401CDC
S31508009FB00A2190FBF1F201FB1200014908801FBD3E
S31508009FC04208002040080020E82B00201FB500208A
S31508009FD0009001900290039013480088134909885D
S31508009FE0884220D012480078E8B901201049087044
S31508009FF00D48008800EB800202EBC0000D4A81186C
S3150800A0000D226846FAF78EF868460FF0A1FC01287B
S3150800A01009D105480088401C142190FBF1F201FB88
S3150800A0201200014908801FBD3E0800203C08002098
S3150800A03044080020E42A002038B5002400200090B7
S3150800A04000236A4640F6A6714FF4006002F064FDEC
S3150800A0500098012802D144F0010404E0009802287F
S3150800A06001D144F0020400236A4640F6A7714FF472
S3150800A070006002F051FD0098012802D144F0040462
S3150800A08004E00098022801D144F0080400236A4637
S3150800A0904FF47A614FF4006002F03EFD0098012803
S3150800A0A002D144F0100404E00098022801D144F0DB
S3150800A0B0200400236A4640F6A1714FF4006002F0BE
S3150800A0C02BFD0098012802D144F0400404E00098D2
S3150800A0D0022801D144F0800400236A4640F6AC7198
S3150800A0E04FF4006002F018FD0098012802D144F4EC
S3150800A0F0807404E00098022801D144F40074002317
S3150800A1006A4640F6AD714FF4006002F005FD00980E
S3150800A110012802D144F4806404E00098022801D1A1
S3150800A12044F40064204638BD38B5002400236A4646
S3150800A13040F6A4714FF4006002F0EEFC0098012886
S3150800A14002D144F0010404E00098022801D144F049
S3150800A150020400236A4640F6A5714FF4006002F037
S3150800A160DBFC0098012802D144F0040404E00098BE
S3150800A170022801D144F0080400236A4640F6A27179
S3150800A1804FF4006002F0C8FC0098012802D144F0A0
S3150800A190100404E00098022801D144F020040023AA
S3150800A1A06A4640F6A3714FF4006002F0B5FC0098C9
S3150800A1B0012802D144F0400404E00098022801D1A5
S3150800A1C044F0800400236A4640F6A8714FF4006004
S3150800A1D002F0A2FC0098012802D144F4807404E03D
S3150800A1E00098022801D144F4007400236A4640F618
S3150800A1F0AB714FF4006002F08FFC0098012802D181
S3150800A20044F4806404E00098022801D144F4006410
S3150800A210204638BD38B5002400236A4640F6AF719B
S3150800A2204FF4006002F078FC009808B144F001048D
S3150800A23000236A4640F6AE714FF4006002F06CFCEB
S3150800A240009808B144F0020400236A4640F6B1714A
S3150800A2504FF4006002F060FC009808B144F0040472
S3150800A26000236A464FF47B614FF4006002F054FC09
S3150800A27000236A4640F6B3714FF4006002F04CFCC6
S3150800A280009808B144F0100400236A4640F6B471F9
S3150800A2904FF4006002F040FC009808B144F0200436
S3150800A2A000236A4640F6B5714FF4006002F034FCAC
S3150800A2B0009808B144F0400400236A4640F6B47199
S3150800A2C04FF4006002F028FC009808B144F08004BE
S3150800A2D000236A4640F6B9714FF4006002F01CFC90
S3150800A2E0009808B144F4807400236A4640F6BA71AF
S3150800A2F04FF4006002F010FC009808B144F40074B2
S3150800A30000236A4640F6BB714FF4006002F004FC75
S3150800A310009808B144F4806400236A4640F6BC718C
S3150800A3204FF4006002F0F8FB009808B144F40064AA
S3150800A33000236A4640F6BD714FF4006002F0ECFB5C
S3150800A340009808B144F48054204638BD38B5002436
S3150800A35000236A4640F6BF714FF4006002F0DCFB4A
S3150800A360009808B144F0010400236A464FF47C6162
S3150800A3704FF4006002F0D0FB009808B144F00404E2
S3150800A38000236A4640F6C1714FF4006002F0C4FB30
S3150800A390009808B144F00804204638BD1CB50020D2
S3150800A3A0019000900024002301AA40F6B8314FF42A
S3150800A3B0006002F0B1FB00236A4640F6A6714FF42E
S3150800A3C0006002F0A9FB0098002805DC0FF032FFB8
S3150800A3D010B90FF00BFF18B10198552800D10124C8
S3150800A3E020461CBD38B500200090002400236A468C
S3150800A3F040F6B9314FF4006002F08EFB00985528FC
S3150800A40000D10124204638BD0021002000BF05E008
S3150800A410054A52F8212010444A1CD1B20A29F7DB12
S3150800A4200A2290FBF2F07047341000200246002101
S3150800A43008E0064850F82100904201D101207047F3
S3150800A440481CC1B20429F4D30020F8E774BB0108FC
S3150800A45038B504460D460020009000236A4640F2AF
S3150800A460D1714FF4006002F057FB0098000A1D49AD
S3150800A47008700098487000236A464FF4FA614FF452
S3150800A480006002F049FB0098000A16498870009897
S3150800A490C87000236A4640F2D2714FF4006002F099
S3150800A4A03BFB4EF660210098081A00900098000AB7
S3150800A4B00C4908710098487100236A4640F2E97110
S3150800A4C04FF4006002F028FB0098000A05498871DD
S3150800A4D00098C8710A4690212046FAF7F1FA012039
S3150800A4E038BD00000007002038B504460D46002098
S3150800A4F0009000236A4640F2DF714FF4006002F0D4
S3150800A5000BFB0098000A174908700098487000234A
S3150800A5106A4640F2E5714FF4006002F0FDFA11490F
S3150800A5200098887000236A464FF4FC614FF4006077
S3150800A53002F0F2FA0098000A0A49C87000980871F1
S3150800A54000236A4640F2E6714FF4006002F0E4FA2E
S3150800A5500449009848710A4691212046FAF7B0FA4C
S3150800A560012038BD0007002038B504460D460020F6
S3150800A570009000236A4640F2E1714FF4006002F051
S3150800A580CBFA15490098087000236A4640F2E7712D
S3150800A5904FF4006002F0C0FA0F4900984870002393
S3150800A5A06A4640F2E2714FF4006002F0B5FA0A49D1
S3150800A5B00098887000236A464FF4FD614FF40060E6
S3150800A5C002F0AAFA04490098C8700A469221204661
S3150800A5D0FAF776FA012038BD000700207CB5044654
S3150800A5E00D46002001900090002301AA40F2D37185
S3150800A5F04FF4006002F090FA23490198087000238E
S3150800A60001AA40F2D9714FF4006002F085FA1E499A
S3150800A61001984870002301AA4FF4FB614FF40060CB
S3150800A62002F07AFA18490198887018480078C870B4
S3150800A630002301AA40F2F6314FF4006002F06CFAEA
S3150800A64000236A4640F2E9714FF4006002F064FAAA
S3150800A650DDE9001048434FF47A7190FBF1F0019060
S3150800A6600198000E084908710198000C4871019874
S3150800A670000A88710198C8710A4693212046FAF79C
S3150800A6801FFA01207CBD00000007002034070020C7
S3150800A69038B504460D460020009000236A4640F26D
S3150800A6A0D6714FF4006002F037FA23490098087013
S3150800A6B000236A4640F2D7714FF4006002F02CFA84
S3150800A6C01D490098487000236A4640F2EC714FF421
S3150800A6D0006002F021FA18490098887000236A463B
S3150800A6E040F2ED714FF4006002F016FA1249009834
S3150800A6F0C87012480078087100236A4640F2FE3195
S3150800A7004FF4006002F008FA0098000A0A494871F6
S3150800A7100098887100236A464FF4FF614FF4006081
S3150800A72002F0FAF904490098C8710A4694212046AD
S3150800A730FAF7C6F9012038BD0007002056000020A8
S3150800A74070B59AB005460E46602102A8F9F703FDD2
S3150800A750002001900024009000236A4640F2D6713A
S3150800A7604FF4006002F0D8F900BF13E02146012338
S3150800A77001AA980202F0D0F90198C0F3072002A9AD
S3150800A78001F81400012101EB440102AA0198505472
S3150800A790601CC4B200988442E8DB002423E006204B
S3150800A7A094FBF0F100FB1140401C124902AA125D0D
S3150800A7B00A54601C062190FBF1F201FB120028B135
S3150800A7C001210098C1EB4000A0420AD1062094FB63
S3150800A7D0F0F0401C074908700A4695212846FAF702
S3150800A7E06FF9601CC4B20098B4EB400FD7DB0120A8
S3150800A7F01AB070BD0007002070B588B006460D4631
S3150800A800142103A8F9F7A7FC002002900024019060
S3150800A8102878AA280CD1A87829498880E878C88099
S3150800A820287908816879488101202649087002E05C
S3150800A830002024490870002301AA40F2D7714FF47A
S3150800A840006002F069F90620019000240BE004F18B
S3150800A8503001012302AA980202F05EF903A90298C0
S3150800A8600855601CC4B201988442F0DB002421E03C
S3150800A870072094FBF0F100FB1140401C124903AA83
S3150800A880125D0A54601C072190FBF1F201FB1200CD
S3150800A89018B10198401EA0420AD1072094FBF0F097
S3150800A8A0401C094908700A4696213046FAF708F905
S3150800A8B0601CC4B201988442DADB012008B070BD7E
S3150800A8C0680800208C0800200007002070B50446A0
S3150800A8D00D4610480078104908700E4840784870B0
S3150800A8E00C48807888700B48C078C8700948007989
S3150800A8F00871084840794871064880798871054882
S3150800A900C079C8710A4697212046FAF7D9F8012076
S3150800A91070BD0000260600200007002070B504461A
S3150800A9200D4610480078104908700E48407848705F
S3150800A9300C48807888700B48C078C8700948007938
S3150800A9400871084840794871064880798871054831
S3150800A950C079C8710A4698212046FAF7B1F801204D
S3150800A96070BD00002C07002000070020F8B505463A
S3150800A9700E460020009000242348007818B10120D4
S3150800A9802249087002E000202049087000201F496B
S3150800A990087000236A4640F2F7714FF4006002F02F
S3150800A9A0BBF847F2305000900098000A17494870E3
S3150800A9B00098887000236A464FF47C714FF4006053
S3150800A9C002F0AAF800201149C87000240AE00E48CF
S3150800A9D000780121A140084018B1601C0B49C870D5
S3150800A9E003E0641C00988442F1D300BF00200749A5
S3150800A9F0C870412088713920C8710A4699212846AD
S3150800AA00FAF75EF80120F8BD2606002000070020A8
S3150800AA1038B504460D460020009000236A4640F2E9
S3150800AA20FD314FF4006002F077F80098000A2249D9
S3150800AA3008700098487000236A4640F2F6314FF4D1
S3150800AA40006002F069F86421009890FBF1F000902C
S3150800AA500098000A184988700098C87000236A464A
S3150800AA6040F2F6314FF4006002F056F8642100987F
S3150800AA7090FBF1F000900098000A0F4908710098C1
S3150800AA80487100236A4640F2F2414FF4006002F032
S3150800AA9043F86421009890FBF1F000900098000AB2
S3150800AAA0054988710098C8710A469A212046FAF71E
S3150800AAB007F8012038BD00000007002002460021E3
S3150800AAC008E0064850F82100904201D1012070475D
S3150800AAD0481CC1B20429F4D30020F8E784BB010856
S3150800AAE038B5044600200090002540F6A670FBF70E
S3150800AAF067FE28B90FF09EFB10B90FF077FB88B1F7
S3150800AB0000236A4640F2DF714FF4006002F004F851
S3150800AB100098B0F5965F05DA207820F030001030FE
S3150800AB20207001254FF47A60FBF74AFE28B1207899
S3150800AB3020F00C00001D20700125284638BD01466E
S3150800AB40002903DB0F2901DC012018E0102903DBAB
S3150800AB504F2901DC022012E0502903DB8F2901DC92
S3150800AB6003200CE0902903DBBF2901DC042006E062
S3150800AB70D02903DBEF2901DC052000E0002070471F
S3150800AB80F8B504460E4600250020009000236A46C4
S3150800AB9040F2F6314FF4006001F0BEFF0098000E57
S3150800ABA0124908700098000C48700098000A8870CE
S3150800ABB00098C87000236A4640F2F9314FF40060E5
S3150800ABC001F0AAFF0098000E084908710098000CC9
S3150800ABD048710098000A88710098C8710A46502181
S3150800ABE02046F9F76DFF2846F8BD0000000700204B
S3150800ABF0F8B504460E4600250020009000236A4654
S3150800AC0040F2EF314FF4006001F086FF25490098C5
S3150800AC10087000236A464FF47C714FF4006001F017
S3150800AC207BFF20490098487000236A4640F2F131BC
S3150800AC304FF4006001F070FF1A49009888700023ED
S3150800AC406A4640F2F2314FF4006001F065FF15499B
S3150800AC500098C87000236A4640F2F3314FF400604A
S3150800AC6001F05AFF0F490098087100236A464FF40D
S3150800AC707D714FF4006001F04FFF0A490098487152
S3150800AC8000236A4640F2F5314FF4006001F044FFB4
S3150800AC900449009888710A4651212046F9F710FFA1
S3150800ACA02846F8BD00070020F8B504460E460025DC
S3150800ACB00020009000236A4640F2FA314FF4006003
S3150800ACC001F02AFF4FF47A71009890FBF1F000909A
S3150800ACD00098000E154908700098000C48700098F6
S3150800ACE0000A88700098C87000236A4640F2FB3153
S3150800ACF04FF4006001F010FF4FF47A71009890FB52
S3150800AD00F1F000900098000E084908710098000CB0
S3150800AD1048710098000A88710098C8710A4652213D
S3150800AD202046F9F7CDFE2846F8BD000000070020AA
S3150800AD30F8B504460E4600250020009000236A4612
S3150800AD404FF47E714FF4006001F0E6FE1F4900984B
S3150800AD50087000236A4640F202414FF4006001F091
S3150800AD60DBFE1A490098487000236A464FF484614E
S3150800AD704FF4006001F0D0FE0098000E1349887069
S3150800AD800098000CC8700098000A087100236A46EB
S3150800AD9040F203414FF4006001F0BEFE0098000A3D
S3150800ADA00A4948710098887100236A4640F2594159
S3150800ADB04FF4006001F0B0FE04490098C8710A46D5
S3150800ADC053212046F9F77CFE2846F8BD00070020E7
S3150800ADD0F8B504460E4600250020009000236A4672
S3150800ADE040F20A414FF4006001F096FE0098000E0A
S3150800ADF0124908700098000C48700098000A88707C
S3150800AE000098C87000236A4640F20B414FF4006070
S3150800AE1001F082FE0098000E084908710098000C9F
S3150800AE2048710098000A88710098C8710A4654212A
S3150800AE302046F9F745FE2846F8BD00000007002021
S3150800AE40F0B587B005460F46002600200690182163
S3150800AE506846F9F780F9002400BF21E004F20C41A6
S3150800AE60002306AA4FF4006001F056FE0698010E6C
S3150800AE700DF824100698C0F30741A000401C0DF8F1
S3150800AE8000100698C0F30721A000801C0DF80010DA
S3150800AE900698C1B2A000C01C0DF80010601CC4B210
S3150800AEA0042CDBDB00241EE0072094FBF0F100FBFA
S3150800AEB01140401C0E491DF804200A54601C072145
S3150800AEC090FBF1F201FB120008B1102C09D1072002
S3150800AED094FBF0F0064908700A4655212846F9F70A
S3150800AEE0EFFD601CC4B2102CDEDB304607B0F0BDA7
S3150800AEF000070020F0B58BB005460F460026002057
S3150800AF000A9028216846F9F726F9002400BF21E0AF
S3150800AF1004F5826100230AAA4FF4006001F0FCFDE3
S3150800AF200A98010E0DF824100A98C0F30741A000EC
S3150800AF30401C0DF800100A98C0F30721A000801CD9
S3150800AF400DF800100A98C1B2A000C01C0DF8001038
S3150800AF50601CC4B2082CDBDB00241EE0072094FB2F
S3150800AF60F0F100FB1140401C0E491DF804200A545C
S3150800AF70601C072190FBF1F201FB120008B1202C9E
S3150800AF8009D1072094FBF0F0064908700A465621B5
S3150800AF902846F9F795FD601CC4B2202CDEDB304646
S3150800AFA00BB0F0BD00070020F0B58BB005460F4684
S3150800AFB0002600200A9028216846F9F7CCF80024D4
S3150800AFC000BF21E004F5836100230AAA4FF400605C
S3150800AFD001F0A2FD0A98010E0DF824100A98C0F394
S3150800AFE00741A000401C0DF800100A98C0F307217D
S3150800AFF0A000801C0DF800100A98C1B2A000C01C61
S3150800B0000DF80010601CC4B2082CDBDB00241FE01E
S3150800B010072094FBF0F100FB1140401C0F491DF876
S3150800B02004200A54601C072190FBF1F201FB120070
S3150800B03008B11F2C0AD1072094FBF0F0401C0749E1
S3150800B04008700A4657212846F9F73AFD601CC4B22B
S3150800B050202CDDDB30460BB0F0BD000000070020D9
S3150800B06070B504460E460025034A58212046F9F7CE
S3150800B07027FD284670BD000000070020F8B50446E5
S3150800B0800E4600250020009000236A4640F22D4116
S3150800B0904FF4006001F040FD0098000A1A49087054
S3150800B0A00098487000236A4640F23B414FF400601E
S3150800B0B001F032FD0098000A134988700098C8709C
S3150800B0C000236A4640F22E414FF4006001F024FD49
S3150800B0D00098000A0C4908710098487100236A46CE
S3150800B0E040F23C414FF4006001F016FD0098000A5A
S3150800B0F0054988710098C8710A4659212046F9F70A
S3150800B100DFFC2846F8BD000000070020F8B5044615
S3150800B1100E4600250020009000236A4640F227418B
S3150800B1204FF4006001F0F8FC0098000A1A4908700C
S3150800B1300098487000236A4640F235414FF4006093
S3150800B14001F0EAFC0098000A134988700098C87054
S3150800B15000236A464FF485614FF4006001F0DCFC79
S3150800B1600098000A0C4908710098487100236A463D
S3150800B17040F236414FF4006001F0CEFC0098000A18
S3150800B180054988710098C8710A465A212046F9F778
S3150800B19097FC2846F8BD000000070020F8B50446CD
S3150800B1A00E4600250020009000236A4640F22B41F7
S3150800B1B04FF4006001F0B0FC0098000A1A490870C4
S3150800B1C00098487000236A4640F239414FF40060FF
S3150800B1D001F0A2FC0098000A134988700098C8700C
S3150800B1E000236A4640F22C414FF4006001F094FCBB
S3150800B1F00098000A0C4908710098487100236A46AD
S3150800B20040F23A414FF4006001F086FC0098000ACB
S3150800B210054988710098C8710A465B212046F9F7E6
S3150800B2204FFC2846F8BD000000070020F8B5044684
S3150800B2300E4600250020009000236A4640F232415F
S3150800B2404FF4006001F068FC2B4900980870002351
S3150800B2506A464FF488614FF4006001F05DFC2649A8
S3150800B2600098487000236A4640F233414FF4006064
S3150800B27001F052FC20490098887000236A4640F283
S3150800B28041414FF4006001F047FC1B490098C87023
S3150800B29000236A464FF486614FF4006001F03CFCD7
S3150800B2A015490098087100236A4640F23E414FF45A
S3150800B2B0006001F031FC10490098487100236A4685
S3150800B2C040F231414FF4006001F026FC0A4900982B
S3150800B2D0887100236A4640F23F414FF4006001F04E
S3150800B2E01BFC05490098C8710A465C212046F9F7F7
S3150800B2F0E7FB2846F8BD000000070020F8B504461D
S3150800B3000E4600250020009000236A4640F2294197
S3150800B3104FF4006001F000FC0098000A1A49087012
S3150800B3200098487000236A4640F237414FF400609F
S3150800B33001F0F2FB0098000A134988700098C8705B
S3150800B34000236A4640F22A414FF4006001F0E4FB0C
S3150800B3500098000A0C4908710098487100236A464B
S3150800B3604FF487614FF4006001F0D6FB0098000A9D
S3150800B370054988710098C8710A465D212046F9F783
S3150800B3809FFB2846F8BD000000070020F8B50446D4
S3150800B3900E4600250020009000236A4640F22F4101
S3150800B3A04FF4006001F0B8FB0098000A17490870CE
S3150800B3B00098487000236A4640F23D414FF4006009
S3150800B3C001F0AAFB0098000A104988700098C87016
S3150800B3D000236A4640F234414FF4006001F09CFBBA
S3150800B3E00A490098087100236A4640F242414FF420
S3150800B3F0006001F091FB0549009848710A465E21F4
S3150800B4002046F9F75DFB2846F8BD00000007002036
S3150800B410F8B504460E4600250020009000236A462B
S3150800B4204FF48061480001F077FB0098000A0C4948
S3150800B43008700098487000236A4640F201414FF4AC
S3150800B440006001F069FB0098000A054988700098B9
S3150800B450C8700A465F212046F9F732FB2846F8BD30
S3150800B46000070020F8B504460E4600250020009087
S3150800B47000236A4640F243414FF4006001F04CFB5A
S3150800B4800098000A0C4908700098487000236A461C
S3150800B49040F244414FF4006001F03EFB0098000A78
S3150800B4A0054988700098C8700A4660212046F9F751
S3150800B4B007FB2846F8BD0000000700207CB50446B7
S3150800B4C00D46002000900190684602F08DFDBDF8FB
S3150800B4D00000A0F5FA600C4908709DF80200487053
S3150800B4E09DF8030088709DF80400C8709DF8050053
S3150800B4F008719DF8060048710A4661212046F9F749
S3150800B500DFFA01207CBD00000007002070B5054663
S3150800B5100E46002400BF1DE0072094FBF0F100FB57
S3150800B5201140401C0D490E4A125D0A54601C072141
S3150800B53090FBF1F201FB120050B9072094FBF0F0E2
S3150800B540401C064908700A4662212846F9F7B8FAE7
S3150800B550601CC4B20E2CDFDB012070BD0007002082
S3150800B5601607002070B505460E46002400BF1DE0EC
S3150800B570072094FBF0F100FB1140401C0D490E4AD0
S3150800B580125D0A54601C072190FBF1F201FB1200C0
S3150800B59050B9072094FBF0F0401C064908700A468B
S3150800B5A063212846F9F78CFA601CC4B20E2CDFDB3F
S3150800B5B0012070BD000700200807002070B5064668
S3150800B5C00C462578012D00D025B9214630460DF0C8
S3150800B5D093FC06E0022D04D120460DF0DFFC02495B
S3150800B5E00870012070BD0000000700207CB50446E5
S3150800B5F00D46002301AA40F249414FF4006001F0CC
S3150800B6008BFA0A490198087000236A464FF47A7142
S3150800B6104FF4006001F080FA0449009848700A4621
S3150800B62065212046F9F74CFA01207CBD0007002069
S3150800B63038B504460D4600236A4640F25A414FF48F
S3150800B640006001F069FA1C490098087000236A46F0
S3150800B65040F24A414FF4006001F05EFA164900983C
S3150800B660887000236A4640F25D414FF4006001F09D
S3150800B67053FA11490098087100236A4640F2F341CB
S3150800B6804FF4006001F048FA0B490098487100230E
S3150800B6906A4640F2F4414FF4006001F03DFA009822
S3150800B6A0000A054988710098C8710A46662120462D
S3150800B6B0F9F706FA012038BD0007002038B5044618
S3150800B6C00D4600236A4640F25B414FF4006001F0E4
S3150800B6D023FA0549009808700A4667212046F9F7B3
S3150800B6E0EFF9012038BD00000007002038B50446F0
S3150800B6F00D4600236A464FF47C714FF4006001F052
S3150800B7000BFA0C490098087000236A4640F25C411F
S3150800B7104FF4006001F000FA0098000A05494870E5
S3150800B720009888700A4668212046F9F7C9F9012069
S3150800B73038BD00000007002038B504460D46002332
S3150800B7406A4640F2EE414FF4006001F0E5F90A4915
S3150800B7500098087000236A4640F2ED414FF40060F5
S3150800B76001F0DAF90449009848700A46692120462A
S3150800B770F9F7A6F9012038BD000700202DE9F041A8
S3150800B7808AB006468846002728216846F8F7E3FC6B
S3150800B7900024002568460EF0F3FA9DF81F00A52838
S3150800B7A02ED11E216846FBF7CBF985B228128DF8F3
S3150800B7B01E00E8B28DF81F0000BF1FE0072094FBAB
S3150800B7C0F0F100FB1140401C0F491DF804200A54F3
S3150800B7D0601C072190FBF1F201FB120008B11F2C37
S3150800B7E00AD1072094FBF0F0401C074908700A4666
S3150800B7F06A213046F9F764F9601CC4B2202CDDDBF7
S3150800B80038460AB0BDE8F08100070020F8B50446BE
S3150800B8100F46002500200090002600236A4640F2C5
S3150800B8202D414FF4006001F077F9009E0098000A58
S3150800B8301B4908700098487000236A4640F2744114
S3150800B8404FF4006001F068F90098000A14498870FE
S3150800B8500098C87000236A4640F275414FF40060AC
S3150800B86001F05AF90098301A00900098000A0C491D
S3150800B87008710098487100236A4640F276414FF4F1
S3150800B880006001F049F90098000A05498871009896
S3150800B890C8710A4670212046F9F712F92846F8BDFC
S3150800B8A000070020F8B504460F4600250020009042
S3150800B8B0002600236A4640F22E414FF4006001F04C
S3150800B8C02BF9009E0098000A1B49087000984870DA
S3150800B8D000236A4640F277414FF4006001F01CF9F4
S3150800B8E00098000A144988700098C87000236A46B0
S3150800B8F04FF48F614FF4006001F00EF90098304460
S3150800B90000900098000A0C490871009848710023B5
S3150800B9106A4640F279414FF4006001F0FDF800985C
S3150800B920000A054988710098C8710A46712120469F
S3150800B930F9F7C6F82846F8BD00070020F8B504460A
S3150800B9400E4600250020009000236A4640F22C414E
S3150800B9504FF4006001F0E0F80098000A1A490870F0
S3150800B9600098487000236A4640F273414FF400601D
S3150800B97001F0D2F80098000A134988700098C87038
S3150800B98000236A4640F22B414FF4006001F0C4F8E8
S3150800B9900098000A0C4908710098487100236A4605
S3150800B9A040F272414FF4006001F0B6F80098000AC0
S3150800B9B0054988710098C8710A4672212046F9F728
S3150800B9C07FF82846F8BD000000070020F8B50546B0
S3150800B9D00F46002600200090002400236A4640F205
S3150800B9E032414FF4006001F097F8009C3449009802
S3150800B9F0087000236A4640F283414FF4006001F064
S3150800BA008BF80A21009890FBF1F02D494870002325
S3150800BA106A4640F284414FF4006001F07DF80098D0
S3150800BA20201A009026490098887000236A4640F23A
S3150800BA3085414FF4006001F06FF80A21009890FBE9
S3150800BA40F1F01F49C87000236A464FF486614FF427
S3150800BA50006001F061F8009C1949009808710023FC
S3150800BA606A4640F27D414FF4006001F055F80A211C
S3150800BA70009890FBF1F01249487100236A4640F29B
S3150800BA807E414FF4006001F047F80098201A0090B4
S3150800BA900B490098887100236A4640F27F414FF4AB
S3150800BAA0006001F039F80A21009890FBF1F004498A
S3150800BAB0C8710A4673212846F9F702F83046F8BDD8
S3150800BAC000070020F8B505460F460026002000901E
S3150800BAD0002400236A4640F233414FF4006001F027
S3150800BAE01BF8009C34490098087000236A4640F207
S3150800BAF086414FF4006001F00FF80A21009890FB88
S3150800BB00F1F02D49487000236A4640F287414FF408
S3150800BB10006001F001F8009820440090264900983A
S3150800BB20887000236A464FF491614FF4006000F074
S3150800BB30F3FF0A21009890FBF1F01F49C870002313
S3150800BB406A4640F231414FF4006000F0E5FF009C80
S3150800BB5019490098087100236A464FF490614FF41A
S3150800BB60006000F0D9FF0A21009890FBF1F0124915
S3150800BB70487100236A4640F281414FF4006000F0A4
S3150800BB80CBFF0098204400900B4900988871002349
S3150800BB906A4640F282414FF4006000F0BDFF0A2178
S3150800BBA0009890FBF1F00449C8710A4674212846AA
S3150800BBB0F8F786FF3046F8BD00070020F8B50446BA
S3150800BBC00F46002500200090002600236A4640F212
S3150800BBD027414FF4006000F09FFF009E0098000A7E
S3150800BBE01B4908700098487000236A4640F26C4169
S3150800BBF04FF4006000F090FF0098000A144988701E
S3150800BC000098C87000236A4640F26D414FF4006000
S3150800BC1000F082FF0098301A00900098000A0C493C
S3150800BC2008710098487100236A4640F26E414FF445
S3150800BC30006000F071FF0098000A054988710098B5
S3150800BC40C8710A4675212046F8F73AFF2846F8BD16
S3150800BC5000070020F8B504460F460025002000908E
S3150800BC60002600236A464FF485614FF4006000F011
S3150800BC7053FF009E0098000A1B49087000984870F8
S3150800BC8000236A4640F26F414FF4006000F044FF1B
S3150800BC900098000A144988700098C87000236A46FC
S3150800BCA04FF48E614FF4006000F036FF0098304480
S3150800BCB000900098000A0C49087100984871002302
S3150800BCC06A4640F271414FF4006000F025FF009883
S3150800BCD0000A054988710098C8710A4676212046E7
S3150800BCE0F8F7EEFE2846F8BD00070020F8B504462A
S3150800BCF00F46002500200090002600236A4640F2E1
S3150800BD002F414FF4006000F007FF009E0098000ADC
S3150800BD101B4908700098487000236A4640F27A4129
S3150800BD204FF4006000F0F8FE0098000A1449887085
S3150800BD300098C87000236A4640F27B414FF40060C1
S3150800BD4000F0EAFE0098301A00900098000A0C49A4
S3150800BD5008710098487100236A4640F27C414FF406
S3150800BD60006000F0D9FE0098000A0549887100981D
S3150800BD70C8710A4677212046F8F7A2FE2846F8BD7C
S3150800BD8000070020F8B504460F460025002000905D
S3150800BD90002600236A4640F234414FF4006000F062
S3150800BDA0BBFE009E0098000A1B4908700098487060
S3150800BDB000236A4640F289414FF4006000F0ACFE69
S3150800BDC00098000A144988700098C87000236A46CB
S3150800BDD040F28A414FF4006000F09EFE0098301A47
S3150800BDE000900098000A0C490871009848710023D1
S3150800BDF06A4640F28B414FF4006000F08DFE0098D1
S3150800BE00000A054988710098C8710A4678212046B3
S3150800BE10F8F756FE2846F8BD00070020F8B5044690
S3150800BE200F46002500200090002600236A4640F2AF
S3150800BE303B414FF4006000F06FFE009E0098000A38
S3150800BE401B4908700098487000236A4640F29441DE
S3150800BE504FF4006000F060FE0098000A14498870EC
S3150800BE600098C87000236A4640F295414FF4006076
S3150800BE7000F052FE0098301A00900098000A0C490B
S3150800BE8008710098487100236A4640F296414FF4BB
S3150800BE90006000F041FE0098000A05498871009884
S3150800BEA0C8710A4679212046F8F70AFE2846F8BDE1
S3150800BEB000070020F8B504460F460025002000902C
S3150800BEC0002600236A4640F23C414FF4006000F029
S3150800BED023FE009E0098000A1B49087000984870C7
S3150800BEE000236A4640F297414FF4006000F014FEC2
S3150800BEF00098000A144988700098C87000236A469A
S3150800BF004FF493614FF4006000F006FE0098304449
S3150800BF1000900098000A0C4908710098487100239F
S3150800BF206A4640F299414FF4006000F0F5FD00982A
S3150800BF30000A054988710098C8710A467A21204680
S3150800BF40F8F7BEFD2846F8BD00070020F8B50446F8
S3150800BF500E4600250020009000236A4640F23A412A
S3150800BF604FF4006000F0D8FD0098000A1A490870DE
S3150800BF700098487000236A4640F293414FF40060E7
S3150800BF8000F0CAFD0098000A134988700098C87026
S3150800BF9000236A4640F239414FF4006000F0BCFDC8
S3150800BFA00098000A0C4908710098487100236A46EF
S3150800BFB040F292414FF4006000F0AEFD0098000A8E
S3150800BFC0054988710098C8710A467B212046F8F70A
S3150800BFD077FD2846F8BD000000070020F8B505469D
S3150800BFE00F46002600200090002400236A464FF4DE
S3150800BFF088614FF4006000F08FFD009C344900987A
S3150800C000087000236A4640F2A3414FF4006000F02E
S3150800C01083FD0A21009890FBF1F02D494870002312
S3150800C0206A4640F2A4414FF4006000F075FD00989E
S3150800C030201A009026490098887000236A4640F224
S3150800C040A5414FF4006000F067FD0A21009890FBB7
S3150800C050F1F01F49C87000236A4640F23E414FF48A
S3150800C060006000F059FD009C1949009808710023EA
S3150800C0706A4640F29D414FF4006000F04DFD0A21EA
S3150800C080009890FBF1F01249487100236A4640F285
S3150800C0909E414FF4006000F03FFD0098201A009082
S3150800C0A00B490098887100236A4640F29F414FF475
S3150800C0B0006000F031FD0A21009890FBF1F0044978
S3150800C0C0C8710A467C212846F8F7FAFC3046F8BDBE
S3150800C0D000070020F8B505460F4600260020009008
S3150800C0E0002400236A4640F241414FF4006000F004
S3150800C0F013FD009C34490098087000236A4640F2F4
S3150800C100A6414FF4006000F007FD0A21009890FB55
S3150800C110F1F02D49487000236A4640F2A7414FF4D2
S3150800C120006000F0F9FC0098204400902649009829
S3150800C130887000236A464FF495614FF4006000F05A
S3150800C140EBFC0A21009890FBF1F01F49C870002308
S3150800C1506A4640F23F414FF4006000F0DDFC009C67
S3150800C16019490098087100236A464FF494614FF400
S3150800C170006000F0D1FC0A21009890FBF1F012490A
S3150800C180487100236A4640F2A1414FF4006000F06E
S3150800C190C3FC0098204400900B490098887100233E
S3150800C1A06A4640F2A2414FF4006000F0B5FC0A214D
S3150800C1B0009890FBF1F00449C8710A467D2128468B
S3150800C1C0F8F77EFC3046F8BD00070020F8B50446AF
S3150800C1D00F46002500200090002600236A4640F2FC
S3150800C1E035414FF4006000F097FC009E0098000A65
S3150800C1F01B4908700098487000236A4640F28C4133
S3150800C2004FF4006000F088FC0098000A1449887012
S3150800C2100098C87000236A4640F28D414FF40060CA
S3150800C22000F07AFC0098301A00900098000A0C4931
S3150800C23008710098487100236A4640F28E414FF40F
S3150800C240006000F069FC0098000A054988710098AA
S3150800C250C8710A467E212046F8F732FC2846F8BD02
S3150800C26000070020F8B504460F4600250020009078
S3150800C270002600236A4640F236414FF4006000F07B
S3150800C2804BFC009E0098000A1B49087000984870ED
S3150800C29000236A4640F28F414FF4006000F03CFCF0
S3150800C2A00098000A144988700098C87000236A46E6
S3150800C2B04FF492614FF4006000F02EFC0098304471
S3150800C2C000900098000A0C490871009848710023EC
S3150800C2D06A4640F291414FF4006000F01DFC009858
S3150800C2E0000A054988710098C8710A467F212046C8
S3150800C2F0F8F7E6FB2846F8BD00070020F8B504461F
S3150800C3000F46002500200090002600236A4640F2CA
S3150800C3103D414FF4006000F0FFFB009E0098000AC4
S3150800C3201B4908700098487000236A4640F29A41F3
S3150800C3304FF4006000F0F0FB0098000A144988707A
S3150800C3400098C87000236A4640F29B414FF400608B
S3150800C35000F0E2FB0098301A00900098000A0C4999
S3150800C36008710098487100236A4640F29C414FF4D0
S3150800C370006000F0D1FB0098000A05498871009812
S3150800C380C8710A4680212046F8F79AFB2846F8BD68
S3150800C39000070020F8B504460F4600250020009047
S3150800C3A0002600236A4640F242414FF4006000F03E
S3150800C3B0B3FB009E0098000A1B4908700098487055
S3150800C3C000236A4640F2A9414FF4006000F0A4FB3E
S3150800C3D00098000A144988700098C87000236A46B5
S3150800C3E040F2AA414FF4006000F096FB0098301A1C
S3150800C3F000900098000A0C490871009848710023BB
S3150800C4006A4640F2AB414FF4006000F085FB0098A5
S3150800C410000A054988710098C8710A468121204694
S3150800C420F8F74EFB2846F8BD00070020F8B5044685
S3150800C4300F46002500200090002600236A4640F299
S3150800C44064414FF4006000F067FB009E0098000A04
S3150800C4501B4908700098487000236A4640F2B441A8
S3150800C4604FF4006000F058FB0098000A14498870E1
S3150800C4700098C87000236A4640F2B5414FF4006040
S3150800C48000F04AFB0098301A00900098000A0C4900
S3150800C49008710098487100236A4640F2B6414FF485
S3150800C4A0006000F039FB0098000A05498871009879
S3150800C4B0C8710A4682212046F8F702FB2846F8BDCD
S3150800C4C000070020F8B504460F4600250020009016
S3150800C4D0002600236A4640F265414FF4006000F0EA
S3150800C4E01BFB009E0098000A1B49087000984870BC
S3150800C4F000236A4640F2B7414FF4006000F00CFB97
S3150800C5000098000A144988700098C87000236A4683
S3150800C5104FF497614FF4006000F0FEFA009830443B
S3150800C52000900098000A0C49087100984871002389
S3150800C5306A4640F2B9414FF4006000F0EDFA0098FF
S3150800C540000A054988710098C8710A468321204661
S3150800C550F8F7B6FA2846F8BD00070020F8B50446ED
S3150800C5600E4600250020009000236A4640F26341EB
S3150800C5704FF4006000F0D0FA0098000A1A490870D3
S3150800C5800098487000236A4640F2B3414FF40060B1
S3150800C59000F0C2FA0098000A134988700098C8701B
S3150800C5A000236A4640F262414FF4006000F0B4FA94
S3150800C5B00098000A0C4908710098487100236A46D9
S3150800C5C040F2B2414FF4006000F0A6FA0098000A63
S3150800C5D0054988710098C8710A4684212046F8F7EB
S3150800C5E06FFA2846F8BD000000070020F8B5054692
S3150800C5F00F46002600200090002400236A4640F2D9
S3150800C60069414FF4006000F087FA009C34490098AD
S3150800C610087000236A4640F2C3414FF4006000F0F8
S3150800C6207BFA0A21009890FBF1F02D494870002307
S3150800C6306A4640F2C4414FF4006000F06DFA009873
S3150800C640201A009026490098887000236A4640F20E
S3150800C650C5414FF4006000F05FFA0A21009890FB8C
S3150800C660F1F01F49C87000236A4640F267414FF44B
S3150800C670006000F051FA009C1949009808710023DF
S3150800C6806A4640F2BD414FF4006000F045FA0A21BF
S3150800C690009890FBF1F01249487100236A4640F26F
S3150800C6A0BE414FF4006000F037FA0098201A009057
S3150800C6B00B490098887100236A4640F2BF414FF43F
S3150800C6C0006000F029FA0A21009890FBF1F004496D
S3150800C6D0C8710A4685212846F8F7F2F93046F8BDAA
S3150800C6E000070020F8B505460F46002600200090F2
S3150800C6F0002400236A4640F26A414FF4006000F0C5
S3150800C7000BFA009C34490098087000236A4640F2E8
S3150800C710C6414FF4006000F0FFF90A21009890FB2B
S3150800C720F1F02D49487000236A4640F2C7414FF49C
S3150800C730006000F0F1F9009820440090264900981E
S3150800C740887000236A464FF499614FF4006000F040
S3150800C750E3F90A21009890FBF1F01F49C8700023FD
S3150800C7606A464FF48D614FF4006000F0D5F9009CDD
S3150800C77019490098087100236A464FF498614FF4E6
S3150800C780006000F0C9F90A21009890FBF1F01249FF
S3150800C790487100236A4640F2C1414FF4006000F038
S3150800C7A0BBF90098204400900B4900988871002333
S3150800C7B06A4640F2C2414FF4006000F0ADF90A2122
S3150800C7C0009890FBF1F00449C8710A46862128466C
S3150800C7D0F8F776F93046F8BD00070020F8B50446A4
S3150800C7E00F46002500200090002600236A4640F2E6
S3150800C7F05E414FF4006000F08FF9009E0098000A31
S3150800C8001B4908700098487000236A4640F2AC41FC
S3150800C8104FF4006000F080F90098000A1449887007
S3150800C8200098C87000236A4640F2AD414FF4006094
S3150800C83000F072F90098301A00900098000A0C4926
S3150800C84008710098487100236A4640F2AE414FF4D9
S3150800C850006000F061F90098000A0549887100989F
S3150800C860C8710A4687212046F8F72AF92846F8BDEE
S3150800C87000070020F8B504460F4600250020009062
S3150800C880002600236A4640F25F414FF4006000F03C
S3150800C89043F9009E0098000A1B49087000984870E2
S3150800C8A000236A4640F2AF414FF4006000F034F9C5
S3150800C8B00098000A144988700098C87000236A46D0
S3150800C8C04FF496614FF4006000F026F90098304462
S3150800C8D000900098000A0C490871009848710023D6
S3150800C8E06A4640F2B1414FF4006000F015F900982D
S3150800C8F0000A054988710098C8710A4688212046A9
S3150800C900F8F7DEF82846F8BD00070020F8B5044613
S3150800C9100F46002500200090002600236A4640F2B4
S3150800C92066414FF4006000F0F7F8009E0098000A90
S3150800C9301B4908700098487000236A4640F2BA41BD
S3150800C9404FF4006000F0E8F80098000A144988706F
S3150800C9500098C87000236A4640F2BB414FF4006055
S3150800C96000F0DAF80098301A00900098000A0C498E
S3150800C97008710098487100236A4640F2BC414FF49A
S3150800C980006000F0C9F80098000A05498871009807
S3150800C990C8710A4689212046F8F792F82846F8BD54
S3150800C9A000070020F8B504460F4600250020009031
S3150800C9B0002600236A4640F26B414FF4006000F0FF
S3150800C9C0ABF8009E0098000A1B490870009848704A
S3150800C9D000236A4640F2C9414FF4006000F09CF813
S3150800C9E00098000A144988700098C87000236A469F
S3150800C9F040F2CA414FF4006000F08EF80098301AF1
S3150800CA0000900098000A0C490871009848710023A4
S3150800CA106A4640F2CB414FF4006000F07DF800987A
S3150800CA20000A054988710098C8710A468A21204675
S3150800CA30F8F746F82846F8BD0007002070B59AB002
S3150800CA4005460E46602102A8F7F785FB00200190EF
S3150800CA500024009000236A4640F2D6714FF4006025
S3150800CA6000F05AF800BF15E004F2CC41002301AAF1
S3150800CA704FF4006000F050F80198C0F3072002A9AF
S3150800CA8001F81400012101EB440102AA019850544F
S3150800CA90601CC4B200988442E6DB002423E006202A
S3150800CAA094FBF0F100FB1140401C124902AA125DEA
S3150800CAB00A54601C062190FBF1F201FB120028B112
S3150800CAC001210098C1EB4000A0420AD1062094FB40
S3150800CAD0F0F0401C074908700A468B212846F7F7EC
S3150800CAE0EFFF601CC4B20098B4EB400FD7DB0120FF
S3150800CAF01AB070BD00070020002107E0054850F86D
S3150800CB00210008B908467047481CC1B22029F5DB40
S3150800CB108020F8E7B822002030B504460AB102B1F1
S3150800CB200AB9002030BDB4F5806F04D10BB1012BD2
S3150800CB3001DD0020F6E7B4F5806F3ED0B4F5006F4E
S3150800CB4070D1B1F57A7F0AD340F2F540814206D218
S3150800CB50A1F57A70414D55F8200010602CE0B1F52A
S3150800CB60FA6F0AD340F2FF70814206D2A1F5FA6045
S3150800CB703B4D55F8200010601EE040F6B830814263
S3150800CB800AD340F60A40814206D2A1F6B830354D9E
S3150800CB9055F8200010600FE0B1F57A6F0AD340F619
S3150800CBA0C570814206D8A1F57A602F4D55F8200048
S3150800CBB0106001E00020B5E74DE0B1F5FA7F0ED32D
S3150800CBC0B1F5FD7F0BD2581E00EB4000274D05EB53
S3150800CBD0C005A1F5FA7055F82000106038E000BFCE
S3150800CBE050290CD8581E00EB001505EB8010204D77
S3150800CBF005EB80000D4650F82500106028E0B1F5D9
S3150800CC00487F10D340F2313081420CD8581E00EBD1
S3150800CC10C000184D05EBC005A1F5487055F8200071
S3150800CC20106015E015E0B1F5617F0FD340F28A3048
S3150800CC3081420BD8581EC0EBC0000F4D05EB80058E
S3150800CC40A1F5617055F82000106001E0002069E741
S3150800CC5001E0002066E700BF012063E76C110020B1
S3150800CC60A01500205C160020A417002088190020B3
S3150800CC704C1A0020A0190020E81900202DE9FF47CA
S3150800CC8080460D4617464FF000090024002600206E
S3150800CC900290039000900190002D48DB2A2D46DA79
S3150800CCA04046796800F097F800904046B96800F069
S3150800CCB092F80190002002902A200390DDE90010E6
S3150800CCC0884216D9DDE90210401A64214843DDE995
S3150800CCD00021891AB0FBF1F434B10298281A6421AC
S3150800CCE04843B0FBF4F600E00026009800EB06097E
S3150800CCF06DE0DDE90010884216D2DDE90210401A1F
S3150800CD0064214843DDE90012891AB0FBF1F434B115
S3150800CD100298281A64214843B0FBF4F600E000267E
S3150800CD200098A0EB060952E0DDF800904FE0542D7C
S3150800CD3048DA2A2D46DD4046B96800F04CF80090DE
S3150800CD404046F96800F047F801902A2002905420DE
S3150800CD500390DDE90010884216D9DDE90210401A71
S3150800CD6064214843DDE90021891AB0FBF1F434B1A6
S3150800CD700298281A64214843B0FBF4F600E000261E
S3150800CD80009800EB060922E0DDE90010884216D279
S3150800CD90DDE90210401A64214843DDE90012891AC8
S3150800CDA0B0FBF1F434B10298281A64214843B0FB69
S3150800CDB0F4F600E000260098A0EB060907E0DDF887
S3150800CDC0009004E04046F96800F005F881464846B8
S3150800CDD004B0BDE8F0877FB503460020002402941E
S3150800CDE00394009401944C689C4200D346E0A42422
S3150800CDF064589C4240D301223BE001EBC2046468BC
S3150800CE009C4202D151F8320035E001EBC204646855
S3150800CE109C422CD9541E01EBC404646804EB8404B8
S3150800CE206400029401EBC204646804EB84046400A1
S3150800CE300394541E51F83440009451F8324001943A
S3150800CE40DDE90254641BDDE90065AD1BB4FBF5F0B2
S3150800CE5038B103EB8305029CC4EB4504B4FBF0F040
S3150800CE6000E00020541E51F83440204403E0541CCE
S3150800CE70E2B2152AC1DB01E04FF47A7004B070BD46
S3150800CE801CB50024002001900090002301AA40F25E
S3150800CE90F6714FF40060FFF73FFE00236A4640F242
S3150800CEA05D414FF40060FFF737FE0198552808D01A
S3150800CEB000F0D6FB30B90098A52802D000985A2869
S3150800CEC000D1012420461CBD2DE9F04107460D4638
S3150800CED01646002414E00D4810F83400A8420DD177
S3150800CEE00A4800EBC4004078012807D1074800EB40
S3150800CEF0C400314642683846904703E0601CC4B215
S3150800CF000B2CE8DB00BFBDE8F081000090BF0108EC
S3150800CF102DE9F04107460D461646002414E00D4853
S3150800CF2010F83400A8420DD10A4800EBC400407836
S3150800CF30012807D1074800EBC40031464268384645
S3150800CF40904703E0601CC4B2372CE8DB00BFBDE89D
S3150800CF50F0810000D8BD010838B5054600200090CC
S3150800CF6000242C4600236A4640F2E2714FF4006022
S3150800CF70FFF7D2FD009841282BDA0098322807DB04
S3150800CF800098C0F141001449096800FB014420E0FB
S3150800CF90009828280CDB104800680F2101FB004484
S3150800CFA00098C0F132000D49096800FB014410E001
S3150800CFB0094800680F2101FB0044084800680A2157
S3150800CFC001FB00440098C0F128000549096800FBE8
S3150800CFD00144204638BD00005007002054070020B1
S3150800CFE058070020014600200CE001F5DA7252F8D5
S3150800CFF020202AB901F51D7252F8202002B970477F
S3150800D000421CD0B23028F0DB00BFF8E7014600200A
S3150800D0100CE001F1F00252F820202AB901F5D87285
S3150800D02052F8202002B97047421CD0B23028F0DBF3
S3150800D03000BFF8E70146002007E001F5807252F8C4
S3150800D040202002B903E0421CD0B22028F5DB00BF3D
S3150800D050704710B504466078402804D1A178221D8F
S3150800D060032002F02BFA10BD1FB50121112002F092
S3150800D0708DFD4FF40050ADF80C0048208DF80F00D8
S3150800D08003A91248FCF794FE0D210220FCF770FE56
S3150800D0904FF40050009000208DF8040010208DF801
S3150800D0A0050001208DF806006846FBF7F1F82820F0
S3150800D0B08DF8080002208DF809008DF80A00012075
S3150800D0C08DF80B0002A802F091F91FBD001001406F
S3150800D0D0F0B51C46002300261A4F07EB0117BD5C66
S3150800D0E0EF1705EB5777FB10164F07EB0117BD5CDB
S3150800D0F0EF1705EB5777FF10A5EBC707FEB2552CC0
S3150800D1000ED130F81150012797403D4320F81150B1
S3150800D1100D4DED5C0127B7403D430B4FFD540FE025
S3150800D120AA2C0DD130F8117001259540AF4320F88F
S3150800D1301170054DED5C0127B740BD43024FFD5404
S3150800D140F0BD0000CE100020260600201CB513A056
S3150800D1500068019000200090002400236A4640F2EF
S3150800D160EF314FF40060FFF7D7FC00BF11E04FF432
S3150800D1707A7000F038F901200BF082F80123EA22D0
S3150800D18001A9204604F02CFA00200BF079F8601C5F
S3150800D190C4B200988442EADB01201CBDC00000002E
S3150800D1A010B500240723012219461648F7F7C4FAD2
S3150800D1B001211448F7F721FB00BF02211148F7F7B0
S3150800D1C031FA0028F9D00F48F7F728FA04460E482E
S3150800D1D004800723012204210A48F7F7ADFA012142
S3150800D1E00848F7F70AFB00BF02210648F7F71AFABC
S3150800D1F00028F9D00348F7F711FA04460248448094
S3150800D20010BD0000002401405800002010B5024857
S3150800D210F8F7A6FA10BD0000006400401FB501210A
S3150800D220052002F0B3FC0120ADF80C0028208DF88B
S3150800D2300F0003A91148FCF7BBFD00210846FCF7BF
S3150800D24097FD0120009000208DF8040010208DF82D
S3150800D250050001208DF806006846FBF719F8062038
S3150800D2608DF8080002208DF809008DF80A000120C3
S3150800D2708DF80B0002A802F0B9F81FBD000801409E
S3150800D2802DE9F04186B004460E4617460025A84605
S3150800D2900194029400208DF80D00B4F5006F03D9AF
S3150800D2A004208DF80C0002E000208DF80C008DF8A3
S3150800D2B00E70002505E0715D0DF10F004155681CE3
S3150800D2C0C5B2082DF7DB01A90548F8F718FC0428AC
S3150800D2D001D04FF00108404606B0BDE8F0810000D5
S3150800D2E0006400401FB500F08BF908B101F072F830
S3150800D2F00121112002F04AFC1020ADF80C00042090
S3150800D3008DF80F0003A91248FCF752FD04210220EC
S3150800D310FCF72EFD1020009000208DF80400102048
S3150800D3208DF8050001208DF806006846FAF7B0FF6B
S3150800D3300A208DF8080002208DF809008DF80A00E9
S3150800D34001208DF80B0002A802F050F81FBD00005E
S3150800D350001001401FB50121052002F017FC4FF40B
S3150800D3608070ADF80C0004208DF80F0003A9124850
S3150800D370FCF71EFD08210020FCF7FAFC4FF480702C
S3150800D380009000208DF8040010208DF8050001207B
S3150800D3908DF806006846FAF77BFF17208DF8080017
S3150800D3A002208DF809008DF80A0001208DF80B007F
S3150800D3B002A802F01BF81FBD0008014070B547F22D
S3150800D3C0305400250023224640F2D2714FF4006003
S3150800D3D007F0C8FE00232A4640F2D3714FF40060D6
S3150800D3E007F0C0FE70BD002100EB800000BF00E022
S3150800D3F0491C8142FCD370471FB50121092002F060
S3150800D400C5FB4FF40040ADF80C0004208DF80F0062
S3150800D41003A91248FCF7CCFC0F210120FCF7A8FC55
S3150800D4204FF40040009000208DF8040010208DF87D
S3150800D430050001208DF806006846FAF729FF28201E
S3150800D4408DF8080002208DF809008DF80A000120E1
S3150800D4508DF80B0002A801F0C9FF1FBD000C0140A2
S3150800D46070470000014800887047000058000020F7
S3150800D47001484088704700005800002038B500244D
S3150800D48000200090002500231A464FF47B614FF4D4
S3150800D490006007F067FEFFF7E5FF0446204601F047
S3150800D4A00DF80090BDF8000044F27401884201DDD1
S3150800D4B0084600906B460022BDF800100420F7F7D6
S3150800D4C0ABFDBDF80000642190FBF1F043490880EC
S3150800D4D000230846028840F2F4714FF4006007F012
S3150800D4E041FEFFF7C5FF84B2204600F0E7FF009033
S3150800D4F0BDF8000044F27401884201DD0846009038
S3150800D5006B460022BDF800100620F7F785FDBDF82A
S3150800D5100000642190FBF1F0304908800846008835
S3150800D5202F49097888420EDA0023012240F6B171A4
S3150800D530D00207F017FE002301224FF47B61D002C8
S3150800D54007F010FE34E02548008826490978884205
S3150800D5500EDD0023012240F6AE71D00207F002FE6E
S3150800D5600023012240F6AF71D00207F0FBFD1FE051
S3150800D57000231A4640F6AE714FF4006007F0F2FD3C
S3150800D58000231A4640F6AF714FF4006007F0EAFD33
S3150800D59000231A4640F6B1714FF4006007F0E2FD29
S3150800D5A000231A464FF47B614FF4006007F0DAFD5A
S3150800D5B04DB100234FF6FF724FF4FF614FF4006040
S3150800D5C007F0D0FD08E00023044802884FF4FF6105
S3150800D5D04FF4006007F0C6FD38BD00008800002043
S3150800D5E08A0000208B00002010B500240121034882
S3150800D5F0FCF7B2FC0446204610BD000000080140B6
S3150800D60010B5002410210348FCF7A6FC0446204662
S3150800D61010BD00000010014010B500244FF48071C1
S3150800D6200248FCF799FC0446204610BD0008014054
S3150800D63010B500244FF400410248FCF78DFC04465F
S3150800D640204610BD0008014010B500244FF40041E3
S3150800D6500248FCF781FC0446204610BD000C014038
S3150800D66010B54FF400510448FCF776FC08B10020C9
S3150800D67010BD0120FCE700000010014010B508218C
S3150800D6800348FCF769FC08B1002010BD0120FCE73F
S3150800D6900010014010B5002401210348FCF75CFC8A
S3150800D6A00446204610BD0000000C014010B50024B9
S3150800D6B001210548FCF708FC10210448FCF74CFC3E
S3150800D6C00446204610BD000000023000000C014050
S3150800D6D02DE9FF4105460F4616469846002000905C
S3150800D6E0019002900390114908708DF80C60B5F509
S3150800D6F0006F08D301208DF80E000095009820F0E1
S3150800D7006040009003E0009700208DF80E0000248A
S3150800D71005E018F8041001A80155601CC4B2B4420B
S3150800D720F7DB6846F7F7D8F8BDE8FF818D000020DB
S3150800D7301CB50120022110231A46CDE900108103E9
S3150800D740C14800F08BF942F21070FFF74CFE012039
S3150800D750022110231A46CDE90010C103BA4800F089
S3150800D7607DF942F21070FFF73EFE002002211023D9
S3150800D7700822CDE900100902B44800F06FF942F218
S3150800D7801070FFF730FE0120022110230822CDE990
S3150800D79000104103AD4800F061F942F21070FFF73E
S3150800D7A022FE0020022128230422CDE900100121AF
S3150800D7B0A74800F053F90020022110231A46CDE9A4
S3150800D7C000104021A04800F049F90020022110234A
S3150800D7D01A46CDE9001001219B4800F03FF90120C7
S3150800D7E0022110230822CDE900102021974800F0D5
S3150800D7F035F90020022110230822CDE90010C901BD
S3150800D800924800F02BF90020022148231022CDE986
S3150800D810001009038C4800F021F900200221482352
S3150800D8201022CDE900100821874800F017F90020DA
S3150800D830032114231022CDE900100221824800F0AA
S3150800D8400DF90020032114231022CDE9001004212C
S3150800D8507D4800F003F90020032114230822CDE9AE
S3150800D86000104021794800F0F9F80020032114231C
S3150800D8700822CDE900108021744800F0EFF8002056
S3150800D880022103460422CDE900101021704800F059
S3150800D890E5F80020022110231A46CDE900100902F6
S3150800D8A0694800F0DBF80020032114230422CDE99F
S3150800D8B000102021664800F0D1F800200321142327
S3150800D8C00422CDE900104021614800F0C7F8002085
S3150800D8D0022103460422CDE9001080215C4800F0AD
S3150800D8E0BDF80020022104231022CDE900101146BC
S3150800D8F0554800F0B3F80020022148231022CDE94C
S3150800D90000102021504800F0A9F800200221282301
S3150800D9100822CDE9001001214C4800F09FF80020AC
S3150800D920022110232022CDE900100421494800F0E5
S3150800D93095F80020022128230822CDE900100421A9
S3150800D940424800F08BF80020032114230822CDE971
S3150800D9500010D1013D4800F081F80020032114236E
S3150800D9600822CDE900101102384800F077F80020A7
S3150800D970022110230822CDE900104903334800F09C
S3150800D9806DF80020022104230822CDE9001089033E
S3150800D9902E4800F063F80020022104231A46CDE938
S3150800D9A00010C9012A4800F059F800200221102366
S3150800D9B01A46CDE900108021234800F04FF80120CF
S3150800D9C0022110231A46CDE9001001021E4800F074
S3150800D9D045F80120022110231A46CDE9001001035B
S3150800D9E0194800F03BF80120022110230422CDE952
S3150800D9F00010174800F032F80120022110230822EF
S3150800DA00CDE90010114800F029F80121084602F076
S3150800DA10BDF801211048FCF757FA002002212823F7
S3150800DA200422CDE900108903094800F017F8002000
S3150800DA30022110230822CDE90010C902034800F08C
S3150800DA400DF801F0B5FA1CBD00100140000C0140AC
S3150800DA500008014000140140000230002DE9F84397
S3150800DA6007460D4616461C46DDE90889012130465B
S3150800DA7002F08CF8ADF800508DF803408DF802805E
S3150800DA8069463846FCF794F9102C04D14A462946CB
S3150800DA903846FCF76AFABDE8F88300001CB5002092
S3150800DAA0022110230822CDE900100903EA48FFF7EE
S3150800DAB0D5FF42F21070FFF796FC012002211023D1
S3150800DAC00822CDE900104102E348FFF7C7FFE34803
S3150800DAD0FFF789FC0020022110231A46CDE9001021
S3150800DAE08903DF48FFF7BAFF42F21070FFF77BFCA5
S3150800DAF00120022110231A46CDE900108103D848D7
S3150800DB00FFF7ACFF42F21070FFF76DFC0020022110
S3150800DB1028230422CDE900100121D248FFF79EFFF1
S3150800DB200020022128230422CDE900108902CD48CD
S3150800DB30FFF794FF0020022128230422CDE90010D4
S3150800DB40C902C848FFF78AFF0020022110231A4697
S3150800DB50CDE900104021C248FFF780FF00200221CE
S3150800DB6010231A46CDE900100121BD48FFF776FFBC
S3150800DB70BD48FFF738FC0020022110230822CDE912
S3150800DB8000102021B448FFF769FF00200221102366
S3150800DB900822CDE90010C901AF48FFF75FFF002052
S3150800DBA0022148231022CDE900100903AC48FFF7EB
S3150800DBB055FF0020022148231022CDE90010082134
S3150800DBC0A748FFF74BFF0020032148231022CDE981
S3150800DBD000100221A248FFF741FF00200321482335
S3150800DBE01022CDE9001004219D48FFF737FF0020D9
S3150800DBF0032114230822CDE9001040219648FFF797
S3150800DC002DFF0020032114230822CDE900108021CE
S3150800DC109148FFF723FF0020022103460422CDE99D
S3150800DC20001010218F48FFF719FF0020022110234A
S3150800DC301A46CDE9001009028948FFF70FFF0020B0
S3150800DC40032114230422CDE9001020218548FFF77B
S3150800DC5005FF0020032114230422CDE900104021EA
S3150800DC608048FFF7FBFE0020022103460422CDE987
S3150800DC70001080217B48FFF7F1FE002002210423D3
S3150800DC801022CDE9001011467548FFF7E7FE00207F
S3150800DC90022148231022CDE9001020217048FFF701
S3150800DCA0DDFE0020022128230822CDE900100121EB
S3150800DCB06948FFF7D3FE0020022110232022CDE970
S3150800DCC0001004216948FFF7C9FE00200221282315
S3150800DCD00822CDE9001004215F48FFF7BFFE0020A7
S3150800DCE0032114230822CDE90010D1015A48FFF771
S3150800DCF0B5FE0020032114230822CDE900101102E5
S3150800DD005548FFF7ABFE0020022110230822CDE973
S3150800DD10001049035048FFF7A1FE00200221042302
S3150800DD200822CDE9001089034B48FFF797FE00202B
S3150800DD30022104231A46CDE90010C9014948FFF714
S3150800DD408DFE0020022110231A46CDE900108021FD
S3150800DD504348FFF783FE0020022110231A46CDE927
S3150800DD600010C9013E48FFF779FE00200221102362
S3150800DD701A46CDE90010C9023948FFF76FFE0020A0
S3150800DD80022110230422CDE900103648FFF766FE6B
S3150800DD900020022110230822CDE900102E48FFF7A3
S3150800DDA05DFE0020022110230422CDE90010114651
S3150800DDB02C48FFF753FE0020022110230422CDE948
S3150800DDC0001008212748FFF749FE002002211023EA
S3150800DDD00422CDE9001009022248FFF73FFE002081
S3150800DDE0022110230422CDE9001049021D48FFF73D
S3150800DDF035FE0020022103461022CDE90010490213
S3150800DE001748FFF72BFE0020022103461022CDE912
S3150800DE10001089021248FFF721FE0020022128235C
S3150800DE200422CDE9001089030E48FFF717FE0020EB
S3150800DE30022110230822CDE90010C9020648FFF77F
S3150800DE400DFE01210A48FCF73FF800220821024886
S3150800DE50FCF78BF81CBD0000000C0140C027090028
S3150800DE60001001400008014040420F000014014024
S3150800DE70000230001FB50121112001F087FE08209D
S3150800DE80ADF80C0048208DF80F0003A91148FBF7E0
S3150800DE908FFF03210220FBF76BFF0820009000206C
S3150800DEA08DF804000C208DF8050001208DF8060079
S3150800DEB06846FAF7EDF909208DF8080002208DF872
S3150800DEC009008DF80A0001208DF80B0002A801F060
S3150800DED08DFA1FBD0010014008B5012291020F48B6
S3150800DEE0FCF743F80122D1020C48FCF73EF84FF440
S3150800DEF07A70FFF778FA00208DF800008DF8010097
S3150800DF008DF802000321684600F0B1F84FF47A70E4
S3150800DF10FFF769FA00F004F808BD0000000C01409C
S3150800DF200EB5002001900290009002200090012179
S3150800DF30684600F09CF8072101A800F06BF8012854
S3150800DF403BD19DF8041001F07F00F8F7DFFD244966
S3150800DF5088719DF8051001F07F00F8F7D7FD204974
S3150800DF6048719DF8061001F03F00F8F7CFFD1C49EF
S3150800DF7008719DF8071001F03F00F8F7C7FD18492A
S3150800DF80C8709DF8091001F01F00F8F7BFFD144985
S3150800DF9088709DF80A00F8F7B9FD00F5FA6010498F
S3150800DFA0088000200F49087000231A4640F6BD7104
S3150800DFB04FF4006007F0D6F80FE00A480078401CD6
S3150800DFC008490870084600780A2806DB002301225B
S3150800DFD040F6BD71D00207F0C5F802F003F90EBD90
S3150800DFE0640000207C00002009498979817108496C
S3150800DFF0497941710649097901710549C978C1709C
S3150800E00003498978817002490988018070470000B0
S3150800E01064000020F8B505460E460020009000244E
S3150800E02002F0F2F9A32002F091FB01F031FF18B9D2
S3150800E03002F010FA0020F8BD002409E0684602F054
S3150800E040B1FA9DF80000285502F0C0F9601CC4B268
S3150800E050701EA042F2DC684602F0A4FA9DF80000A1
S3150800E060285502F015FA02F0F5F90120E3E770B534
S3150800E07005460E46002402F0C7F9A22002F066FB08
S3150800E08001F006FF18B902F0E5F9002070BD00247A
S3150800E0900BE0285D02F05AFB01F0FAFE18B902F00F
S3150800E0A0D9F90020F2E7601CC4B2B442F1DB02F0F1
S3150800E0B0D1F90120EAE700007FB504460020029066
S3150800E0C00390A07927498871607948712079087189
S3150800E0D0E078C870A078887020880880084680791B
S3150800E0E04979204DCDE900102B79EA78A9782D8851
S3150800E0F005F5FA65A8B202F0A7FA1A490878F8F7FA
S3150800E1000FFD8DF80F0017498878F8F709FD8DF887
S3150800E1100E0000208DF80D001249C878F8F700FDAA
S3150800E1208DF80C000F490879F8F7FAFC8DF80B0002
S3150800E1300C494879F8F7F4FC8DF80A0009498879FA
S3150800E140F8F7EEFC8DF8090002208DF80800082182
S3150800E15002A8FFF78CFF012801D104B070BD00208A
S3150800E160FBE700005C00002010B50446224680212B
S3150800E1700148FBF7FAFE10BD0010014010B5044631
S3150800E18022464FF480510248FBF7EFFE10BD00000F
S3150800E1900010014010B50446224602210148FBF74B
S3150800E1A0E4FE10BD000801407047704710B50446EC
S3150800E1B0224602210148FBF7D8FE10BD000C01409B
S3150800E1C010B50446224604210148FBF7CEFE10BDD1
S3150800E1D00014014010B5044622464FF40071024867
S3150800E1E0FBF7C3FE10BD00000010014010B5044641
S3150800E1F022464FF480410248FBF7B7FE10BD0000E7
S3150800E200000C014008B50020009000236A4640F241
S3150800E210F1414FF40060FEF77FFC0098012805D114
S3150800E220002201030448FBF7A0FE04E001221103C3
S3150800E2300148FBF79AFE08BD000C0140F8B50646F2
S3150800E2400C4600200090002520128DF80000E0B250
S3150800E2508DF801004FF47A70FFF7C5F801234122C3
S3150800E2606946304603F0BCF905464FF47A70FFF765
S3150800E270BAF8012342220DF10101304603F0B0F944
S3150800E28005404FF47A70FFF7AEF82846F8BD00004F
S3150800E29010B5012211460448FBF767FE002220212B
S3150800E2A00248FBF762FE10BD00100140000C014059
S3150800E2B031B500244FF47A70FFF795F80123402210
S3150800E2C06946002003F08CF904464FF47A70FFF78C
S3150800E2D08AF8204638BD00000048704768080020C4
S3150800E2E000487047DE2F002038B500240020009033
S3150800E2F000236A464FF49E614FF40060FEF70CFC5B
S3150800E3000098012809D1094890F82F00074991F883
S3150800E3102E1000EB012084B206E00448407B034936
S3150800E320097B00EB012084B2204638BD442F00202B
S3150800E33010B5002201210448FBF717FE012220210F
S3150800E3400248FBF712FE10BD00100140000C014008
S3150800E3501CB500200190002400900CF04BFE002311
S3150800E36001AA40F2EF314FF40060FEF7D5FB00BF7B
S3150800E37020E01248005D05281ADB4FF47A70FFF793
S3150800E38032F8012370226946204603F029F94FF432
S3150800E3907A70FFF728F8012371226946204603F0B0
S3150800E3A01FF94FF47A70FFF71EF800200349085545
S3150800E3B0601CC4B201988442DBDB1CBD62080020E5
S3150800E3C010B50348007808B90CF03EFF10BD0000F0
S3150800E3D05D080020012080F3138800BF00BF0748AE
S3150800E3E0006800F4E06006490843001D0349086018
S3150800E3F0BFF34F8F00BF00BFFEE700000CED00E043
S3150800E4000000FA05F0B501469123002400251819E5
S3150800E41000EBD0777A10002627480088264FB7F8F1
S3150800E4202271B8420BDA00BF23480088884204DC10
S3150800E4302148B0F8220188420DDA0020F0BD0126F5
S3150800E4401D480088884204DB1B48B0F82201884230
S3150800E45001DD0020F2E700BF174830F812008842B5
S3150800E46003DD0EB9134600E01446134830F81200CF
S3150800E470884203DA0EB9144600E013460E4830F80F
S3150800E4801200884205D0181B012802D0E01A01287C
S3150800E49008D102EBC20000EB02104FF6FF7707EA3D
S3150800E4A0800505E0181900EBD077C7F34F02D3E7CC
S3150800E4B000BF2846C2E7000086B401082DE9F047E8
S3150800E4C00446912600274FF00008F01900EBD0719A
S3150800E4D04D104FF00009314800883049B1F8221133
S3150800E4E0884213DA00BF2D480088A04204DC2B4876
S3150800E4F0B0F82201A0421DDA002301224FF47B6105
S3150800E500D00206F02FFE0020BDE8F0874FF0010983
S3150800E51022480088A04204DB2048B0F82201A04225
S3150800E52008DD002301224FF47B61D00206F01AFEB3
S3150800E5300020E9E700BF194830F81500A04205DDBC
S3150800E540B9F1000F01D12E4600E02F46134830F8E6
S3150800E5501500A04205DAB9F1000F01D12F4600E0F7
S3150800E5602E460E4830F81500A04205D0F01B0128AB
S3150800E57002D0B81B012808D105EBC50000EB051031
S3150800E5804FF6FF7101EA800805E0F01900EBD0713B
S3150800E590C1F34F05CFE700BF4046B5E7F2B701081C
S3150800E5A030B54BF68031B1F1807F00D31DE021F004
S3150800E5B07F40401E4FF0E022506150170F2200287E
S3150800E5C007DA13071D0E094B00F00F04241F1D550B
S3150800E5D003E013071C0E064B1C5400BF00204FF027
S3150800E5E0E02290610720106100BF30BD18ED00E001
S3150800E5F000E400E010B504462146024809F037F861
S3150800E60010BD00000038014010B50320F9F7BAFB29
S3150800E610012240210448FBF7A8FC002240F227719A
S3150800E620024808F08EFF10BD001001400038014076
S3150800E63010B5002240210648FBF797FC0320F9F79E
S3150800E640A1FB012240F22771024808F07AFF10BDAB
S3150800E650001001400038014010B504462146024822
S3150800E66009F005F810BD00000044004010B500226E
S3150800E67040F22771014808F064FF10BD00440040CD
S3150800E68010B5012240F22771014808F05AFF10BD63
S3150800E6900044004010B504462146024808F0E7FF4A
S3150800E6A010BD00000048004010B5002240F2277156
S3150800E6B0014808F046FF10BD0048004010B5012289
S3150800E6C040F22771014808F03CFF10BD00480040A1
S3150800E6D008B50020009000236A4640F2D2714FF434
S3150800E6E00060FEF719FA1F48006847F230510844DF
S3150800E6F0009988420ADD1B48006847F23051081A1B
S3150800E7000099884202DAFEF77BFF08B1002008BDAF
S3150800E71040F6A170F8F754F850B940F6A770F8F724
S3150800E7204FF828B90BF0AAFD10B902F0C5FF08B1D9
S3150800E7300120ECE7FEF794FF08B10020E7E7FEF7B3
S3150800E7409DFF08B10020E2E707480078052806DAA9
S3150800E75005480078401C044908700020D7E70120C6
S3150800E760D5E70000FC0700208D0000201CB500201E
S3150800E77001900090002301AA40F203414FF4006083
S3150800E780FEF7CAF9FFF7A4FF012805D13D4800683E
S3150800E790401C3C49086002E000203A4908603A48B3
S3150800E7A0007820B138480078401E374908700023A1
S3150800E7B06A4640F25D414FF40060FEF7ADF9FEF798
S3150800E7C04FFF38B90098A52804D12F48007808B912
S3150800E7D00220019040F6A170F7F7F2FF50B940F613
S3150800E7E0A770F7F7EDFF28B90BF048FD10B902F04E
S3150800E7F063FF40B125480068401C24490860012091
S3150800E800234908700DE02348007828B100202049E4
S3150800E81008701E4908601CBD00201D4908701B4968
S3150800E820086018480068019988420FD2174800689E
S3150800E830372803D313480068052807D816480078F0
S3150800E840012803D014480078022819D100200D4960
S3150800E850086003F073FA0E48007840B10023A52239
S3150800E8604FF489614FF4006006F07CFC06E0002353
S3150800E87001224FF48961D00206F074FC00F00EF80C
S3150800E88000BFC8E798000020A00000209C000020D8
S3150800E8908E000020150000209400002019480078FA
S3150800E8A0012803D017480078022802D101200BF06E
S3150800E8B07DF947F23050FEF796FD1348F5F776FED8
S3150800E8C001F004FCFEF7A2FCFFF7E8F8FFF79AFC54
S3150800E8D00E48FEF788FD09F095F80121080701F0B2
S3150800E8E035F94FF0E020006920F001004FF0E021F3
S3150800E8F008610221002000F0C1FDFFF76BFD00BF93
S3150800E900FEE700009400002000240140A0860100D4
S3150800E91000B587B001214FF4017001F037F94FF4C3
S3150800E920004001F007F98020ADF8040000208DF8BA
S3150800E930070001A91F48FBF73BFA1020ADF80400B1
S3150800E94000208DF8070001A91A48FBF731FA1A4882
S3150800E950F5F72CFE002002908DF80C008DF80D00BE
S3150800E9604FF4602004900020059001208DF81800CF
S3150800E97002A91148F5F76AFE0723012219460E482F
S3150800E980F5F7DAFE01210C48F5F705FE0A48F5F712
S3150800E9902FFF00BF0848F5F74EFE0028FAD10648B3
S3150800E9A0F5F736FF00BF0448F5F72EFE0028FAD122
S3150800E9B007B000BD000801400024014010B5F6F775
S3150800E9C075FEF7F700F8012202210248F6F768FFFC
S3150800E9D010BD00000064004010B501F007F94FF4BF
S3150800E9E0803001F0C5F90120F9F7ECFE1020F9F79F
S3150800E9F0E9FE0220F9F7F4FE4FF420114FF44030F7
S3150800EA0001F000FA012001F0F7F9022001F016FAE8
S3150800EA10002001F0A1F9002001F0E2F94FF480602E
S3150800EA2001F0D2F900BF392001F070F90028FAD0B8
S3150800EA3000BF01F089F90828FBD110BD01E0FFF7F6
S3150800EA40C9FCFCE770B506460C461546064800782C
S3150800EA5040B90648007828B9054806702946204670
S3150800EA6009F018FC70BD0000E6060020E506002047
S3150800EA70ED0600204CF6CC400149086070470000BE
S3150800EA80003000404AF6AA20014908607047000095
S3150800EA9000300040014948607047000000300040DF
S3150800EAA0014988607047000000300040014908604D
S3150800EAB0704700000030004010B50021002000BF5C
S3150800EAC011E001EB41022F4B03EBC202526801EB46
S3150800EAD041032C4C04EBC3035B691A442A4B43F8E5
S3150800EAE021204A1C91B2B1F5867FEADD002114E0A7
S3150800EAF000200EE000EB4002244B03EBC2025268F2
S3150800EB0001EB4103224C04EBC30343F82020421CCB
S3150800EB1090B20628EEDB4A1C91B20129E8DB0021F7
S3150800EB202DE000200BE0002201EB011303EB81131B
S3150800EB30184C04EB830343F82020421C90B251285A
S3150800EB40F1D3002009E0002201EBC103124C04EBCB
S3150800EB50C30343F82020421C90B21228F3D30020A6
S3150800EB6009E00022C1EBC1030C4C04EB830343F814
S3150800EB702020421C90B20728F3D34A1C91B20129DF
S3150800EB80CFDB10BDC0CF01086C11002080EB010857
S3150800EB90881900204C1A0020A0190020E819002026
S3150800EBA010B58EB000200D900C900B900A9009902D
S3150800EBB008900790069005900490039002900190A3
S3150800EBC0002303AA40F2F6314FF40060FDF7A4FFD4
S3150800EBD000230DAA40F2F2414FF40060FDF79CFFB6
S3150800EBE0039800EB400080000A2190FBF1F00D9994
S3150800EBF0884207DB0398C0000A2190FBF1F00D99C3
S3150800EC00884209DD002340F2F2414FF40060039A7E
S3150800EC1006F0A8FA03980D90AC490D9808600023F1
S3150800EC200CAA4FF47F714FF40060FDF775FF0023BF
S3150800EC3040F2E9714FF400600C9A06F093FAA44981
S3150800EC400C980880A14800680C9948434FF47A71DB
S3150800EC5090FBF1F09F4908600C980CF03DFB0023EF
S3150800EC600BAA40F2FA314FF40060FDF755FF9A49B6
S3150800EC700B98086000230AAA40F2FB314FF40060A3
S3150800EC80FDF74AFF95490A98086092480068944932
S3150800EC90086091480068934908609048006892495E
S3150800ECA00860002309AA40F204414FF40060FDF70A
S3150800ECB033FF002308AA40F205414FF40060FDF730
S3150800ECC02BFF002307AA40F206414FF40060FDF728
S3150800ECD023FF002306AA40F207414FF40060FDF720
S3150800ECE01BFF002305AA4FF481614FF40060FDF76E
S3150800ECF013FF002304AA40F209414FF40060FDF710
S3150800ED000BFF0998C0B27949088008988870079857
S3150800ED10C8700698087105984871049888717448EF
S3150800ED20FFF762F972480088A0F5FA607049088012
S3150800ED3066490B98096890FBF1F00390002340F2AE
S3150800ED40FE314FF40060039A06F00CFA002302AA7B
S3150800ED504FF47E714FF40060FDF7DEFE029801283D
S3150800ED6027D1412063490870634848606348886032
S3150800ED706348C8604120634908706348486063482F
S3150800ED8088606348C860582262496348F5F7CAF93B
S3150800ED900420624908600C20614908600F20614917
S3150800EDA00860012060490860604908606049086099
S3150800EDB053E00298022828D141204E4908705D4840
S3150800EDC048605D4888605D48C86041204D490870C4
S3150800EDD05B4848605B4888605B48C86058225B4966
S3150800EDE04D48F5F79FF905204C4908600F204C4916
S3150800EDF0086014204B49086002204B49086001202E
S3150800EE004A4908604A49086027E04120394908709C
S3150800EE104F4848604F4888604F48C8604120394984
S3150800EE2008704E4848604E4888604E48C860582268
S3150800EE304D493948F5F776F90520384908600F2015
S3150800EE4037490860142037490860022036490860A7
S3150800EE5001203649086036490860002301AA40F2B5
S3150800EE60F9314FF40060FDF757FE002303AA40F27C
S3150800EE70D6714FF40060FDF74FFE01990398484399
S3150800EE80642190FBF1F00390002340F2D4714FF413
S3150800EE900060039A06F066F90C480068642190FB46
S3150800EEA0F1F00A22039991FBF2F1484303904FF4DB
S3150800EEB07A71039890FBF1F40023224640F2D5714B
S3150800EEC04FF4006006F04EF90EB010BD8C07002016
S3150800EED0B20700208807002090070020940700202A
S3150800EEE0A40700209C070020A00700207C0700201C
S3150800EEF0740700202410002070C4010818C50108F2
S3150800EF00C0C501081410002078C2010820C30108F2
S3150800EF10C8C30108D0C101086C0F002050070020A3
S3150800EF2054070020580700205C07002060070020CF
S3150800EF3064070020A0CD010848CE0108F0CE0108DC
S3150800EF40A8CB010850CC0108F8CC010800CB010871
S3150800EF5008C90108B0C9010858CA010810C701083C
S3150800EF60B8C7010860C8010868C6010810B5FAF7ED
S3150800EF701BF810BD0146CA1701EB92729210A1EB5D
S3150800EF80820292B9642091FBF0F200FB121050B98C
S3150800EF904FF4C87091FBF0F200FB121008B901207B
S3150800EFA070470020FCE70120FAE70020F8E7000098
S3150800EFB008B501211048FAF787FF01210D2000F056
S3150800EFC0E5FD0820ADF8000010208DF803000320A9
S3150800EFD08DF8020069460948FAF7EAFE1020ADF8EE
S3150800EFE0000028208DF8030003208DF802006946EA
S3150800EFF00248FAF7DDFE08BD00023000000C0140A9
S3150800F00056312E30312E3030302E3030314500001A
S3150800F010415050494E54454700000000000000008A
S3150800F020F0B587B004460027002500260020029088
S3150800F0300390049005900190002301AA40F2EF4145
S3150800F0404FF40060FDF768FD002306AA40F2494127
S3150800F0504FF40060FDF760FD25782088C0F3072689
S3150800F0602068C0F30747402D08D10698864205D187
S3150800F0703E48006858B90198012808D0402D0BD1A0
S3150800F080012E09D13948006830B9019820B9221DE6
S3150800F0903946012000F012FA2068B0F5827F26D1A1
S3150800F0A02079AA2823D16079AA2820D1A079AA286C
S3150800F0B01DD1E079AA281AD1207AAA2817D1607A10
S3150800F0C0AA2814D1A07AAA2811D1E07AAA280ED1A2
S3150800F0D00120274908700020264908800023244873
S3150800F0E0027840F24B414FF4006006F03BF82249A3
S3150800F0F02068884213D10020204908800120204931
S3150800F10008802048029008208DF8140001208DF808
S3150800F1100C0000218DF80D1002A8F5F703FC2068F5
S3150800F120B0F58E6F07D12079012804D116490880D9
S3150800F13000201649088016480078A8B115492068A5
S3150800F14088420BD11448029008208DF81400AA2092
S3150800F1508DF80C0002A8F5F7E5FB05E00F492068D5
S3150800F160884201D109F008F907B0F0BD1C08002053
S3150800F1709400002036070020C0B090183C070020F5
S3150800F1803E070020B1C19018420700204007002022
S3150800F1904A0600208001070001800700800101005F
S3150800F1A010B5002417E03B4800EB04100068401C2B
S3150800F1B0384901EB04110860364800EB0410006872
S3150800F1C04FF6E851884204D90846324901EB041142
S3150800F1D00860601CC4B20E2CE5D32F480078401C8A
S3150800F1E02D49087008464078401C48700846C07883
S3150800F1F0401CC87008468078401C8870084600790C
S3150800F200401C087108464079401C487108468079B8
S3150800F210401C88710846C079401CC8711F48008880
S3150800F220401C1E49088008460088B0F5FA7F12DDA2
S3150800F2304FF4FA7008801A48007801280BD100208C
S3150800F2401749087000230846027840F24B414FF4EC
S3150800F250006005F087FF13480088401C11490880A4
S3150800F26008460088962804DD9620088000200E4966
S3150800F27008800E480088401C0C490880084600880B
S3150800F280B0F57A7F05DD4FF47A70088000200849CA
S3150800F290088010BDFC0D002024070020360700203A
S3150800F2A0940000203C0700203E070020400700206D
S3150800F2B04207002010B5FEF7D3F9144909788842A9
S3150800F2C014D113480088401C114908800846008854
S3150800F2D0B0F5FA7F19DD00200E4908704FF4FA7070
S3150800F2E00B49088001200C4908700EE0FEF7B8F9B2
S3150800F2F00649087001200749087003200649087066
S3150800F3000020034908800549087010BD290000201F
S3150800F3101C0000201E0000208C0000209200002007
S3150800F3201CB500200190009000236A4640F2EF4188
S3150800F3304FF40060FDF7F0FB0098012845D1002343
S3150800F34001AA40F2D271C002FDF7E6FB47F230513E
S3150800F3500198884202DDFEF76BF928B11E4800883D
S3150800F36040F6B831884204DD00201C4908701A4965
S3150800F37008801A480078D8B1F8F70EFD012808D198
S3150800F380FEF728FF1648007840F020001449087058
S3150800F39008E00020FEF71EFF1148007800F0DF00A5
S3150800F3A00F4908700C480088401C0B49088011E07A
S3150800F3B00020FEF70FFF0A48007800F0DF00084932
S3150800F3C0087000200449088004E0002003490870FA
S3150800F3D0014908801CBD0000EC070020C807002072
S3150800F3E05600002000BFFEE77047000070B50021F8
S3150800F3F000230F22C47804B3154C246804F4E0648F
S3150800F400C4F5E064210AC1F10403CA40447804FA49
S3150800F41003F184781440214309010E4C0678A1555E
S3150800F420047804F01F050124AC4005786D11AD0081
S3150800F43005F1E025C5F8004109E0047804F01F0548
S3150800F4400124AC40044D0678761145F8264070BD77
S3150800F4500CED00E000E400E080E100E00249014331
S3150800F460024A1160704700000000FA050CED00E042
S3150800F470014908627047000000000E4210B50246B6
S3150800F48000200C4B186820F00300104318600A4B44
S3150800F4901B6843F00403084C2360012901D130BFDF
S3150800F4A001E020BF20BF044B1B6823F00403024C75
S3150800F4B0236010BD0070004010ED00E02DE9F0411A
S3150800F4C007460C46154600262046FBF738FB064637
S3150800F4D0062E2AD2DFE806F029030E171D23012C73
S3150800F4E004D11448296801606968416020460BF018
S3150800F4F04FFF1BE00120104908702A46214638466E
S3150800F50006F004F812E02A4621463846FDF700FDC3
S3150800F5100CE02A4621463846FDF7D6FC06E02A4680
S3150800F5202146384606F016F800E000BF00BFBDE8E1
S3150800F530F08100004206002014000020704708B53C
S3150800F5400020009000236A4640F2EC714FF40060F8
S3150800F550FDF7E2FAF6F7E4FF08BD000038B5044601
S3150800F560002500200090714800780A38062871D2D4
S3150800F570DFE800F0031C2E4D7DA000236A4640F20A
S3150800F58049414FF40060FDF7C7FAD22C0AD1684802
S3150800F5900470684804700B206449087000206649A6
S3150800F5A0887102E00A2061490870BCE0032C03D088
S3150800F5B0062C01D0102C07D15D4844705D48447074
S3150800F5C00C205A49087002E00A2058490870AAE037
S3150800F5D05A480078401C594908700846007801289E
S3150800F5E00DDD002008705248C4705548007804EBB9
S3150800F5F00020504948800D204C49087006E04C48C8
S3150800F60084704F4804800C20484908708BE04D48A8
S3150800F6100078401C4B4908700846007801281EDD12
S3150800F62000200870424844714548007804EB0020E1
S3150800F6304004000C3F4988804148007804EB0020CC
S3150800F640A1F80E0108464078102804D10E20374943
S3150800F65008700BE063E00F203449087006E0344870
S3150800F6600471374804800D20304908705BE0314842
S3150800F670808835490988884215DD33480088801D09
S3150800F6802B490C5430480088401C2F4908802948CB
S3150800F6908088098888420CDC00202B4908800F20C6
S3150800F6A02249087005E00020274908800F201F49D5
S3150800F6B0087038E025480078401C24490870084638
S3150800F6C00078012825DD002008701D48008800EB19
S3150800F6D0042085B217484078102809D11548808833
S3150800F6E0801D81B21248F7F72BFA1949088005E000
S3150800F6F006210F48F7F724FA1549088014480088A8
S3150800F700A84202D10B48F5F7C9FA0A20074908703A
S3150800F71004E00B4804800F200449087003E00A201F
S3150800F7200249087000BF00BF38BD00008E080020DF
S3150800F730CE300020CE31002024070020C208002049
S3150800F740C8080020C3080020C4080020C6080020F6
S3150800F750CA0800202DE9F04180460D4600263948A2
S3150800F7600078384908720846417841728572002443
S3150800F77007E0354830F81400404500D103E0601C26
S3150800F780C4B2FA2CF5DB00BFFA2C57D02F4830F854
S3150800F7901470B8F17E0F26DC7819FE2850DC002498
S3150800F7A008E038192A490A5CE01C264908310A5437
S3150800F7B0601CC4B2AC42F4DBE91C22480830F7F7F7
S3150800F7C0BFF90646E01C1F4908310E543212201DA7
S3150800F7D00A541C48C680E81C0839A1F80C010846DA
S3150800F7E0F5F788FA2CE0B8F1800F29DB7819B0F51F
S3150800F7F0FA7F25DC002408E0381915490A5CE01C64
S3150800F800104908310A54601CC4B2AC42F4DBE91C46
S3150800F8100C480830F7F794F90646E01C0949083100
S3150800F8200E543212201D0A540648C680E81C0839B0
S3150800F830A1F80C010846F5F75DFA01E0BDE8F0818C
S3150800F84000BFFBE7CE310020C0ED0108B4EF010888
S3150800F850DE32002010B51048008810490988884211
S3150800F86018D00D48008800EB00100D4A02EB001175
S3150800F8704FF488720B48F4F755FC0A4800F052F822
S3150800F88005480088401C052190FBF1F201FB120097
S3150800F8900149088010BD000098080020960800203D
S3150800F8A0323B00208240002000B5C5B04FF4887175
S3150800F8B001A8F4F750FC16480088164909888842BA
S3150800F8C023D01548007800BB00201449C8710120D0
S3150800F8D0114908700E48008800EB0010104A02EB28
S3150800F8E000114FF4887201A8F4F71CFC01A800F077
S3150800F8F03FF8012809D106480088401C052190FBDD
S3150800F900F1F201FB12000249088045B000BD000073
S3150800F91094080020920800208F0800202407002061
S3150800F920E235002010B504466078032811D16088B6
S3150800F930FF2804DC21796088FFF70CFF16E0608851
S3150800F940B0F5007F12DA227961882078FFF77AF815
S3150800F9500CE06078062803D1608808F06BF905E0AA
S3150800F9606078102802D1608808F072F810BD00008F
S3150800F97010B504464FF4887221460948F4F7D2FBBD
S3150800F9800B200849087006480178074807F06FFEFB
S3150800F990012240F22771044807F0D3FD012010BD6B
S3150800F9A0D2340020900800200044004010B5594881
S3150800F9B000780A38072805D2DFE800F00405AA11FE
S3150800F9C03D859D00A4E054484178544807F04FFE11
S3150800F9D00D205049087000205149087098E0514898
S3150800F9E04078062803D04F484078102817D14C484D
S3150800F9F0007858B9484840880112484807F037FE49
S3150800FA0047480078401C4649087010E0424841883B
S3150800FA10424807F02CFE0E203E49087007E03E4893
S3150800FA2081883E4807F023FE0E203A4908700020D8
S3150800FA303D4908706CE03B484078062803D03948B1
S3150800FA404078102819D13848007860B93248B0F89B
S3150800FA500E010112314807F00AFE33480078401CAF
S3150800FA60314908702BE02C48B0F80E112B4807F0E6
S3150800FA70FEFD0F202749087021E0274881882A487B
S3150800FA800078401C81420EDD23480830264A127849
S3150800FA90D21C815C214807F0EAFD23480078401C07
S3150800FAA0214908700BE01C4808301F4A1278D21CFE
S3150800FAB0815C1A4807F0DBFD0F2016490870002004
S3150800FAC01A49087024E01948007850B91248C188C4
S3150800FAD0124807F0CCFD15480078401C13490870F9
S3150800FAE008E010200B4908700B48C08801120B4823
S3150800FAF007F0BDFD0CE000200D490870002240F219
S3150800FB002771064807F01DFD0A200249087000BF44
S3150800FB1000BF10BD90080020D234002000440040E9
S3150800FB20CE080020CE310020CC080020CD080020C9
S3150800FB308F08002001460020034A506820F4404000
S3150800FB4008435060704700000010024029B1064A79
S3150800FB50D2690243044BDA6104E0034AD26982435C
S3150800FB60014BDA61704700000010024029B1064ACD
S3150800FB7012690243044B1A6104E0034A126982437C
S3150800FB80014B1A61704700000010024029B1064A6D
S3150800FB9092690243044B9A6104E0034A92698243DC
S3150800FBA0014B9A61704700000010024029B1064ACD
S3150800FBB0D2680243044BDA6004E0034AD2688243FF
S3150800FBC0014BDA60704700000010024001490860E6
S3150800FBD070470000400442420348406A40F0807083
S3150800FBE00149486270470000001002400F4800684B
S3150800FBF040F001000D490860084640680C49084075
S3150800FC000A494860084600680A49084007490860E2
S3150800FC100846006820F4802008600846406820F4FA
S3150800FC20FE0048604FF41F008860704700100240CD
S3150800FC300000FFF8FFFFF6FE30B500210022002481
S3150800FC4000232D4D6D6805F00C0121B1042905D05E
S3150800FC50082923D105E0294D056022E0274D0560D6
S3150800FC601FE0254D6D6805F47012234D6D6805F487
S3150800FC708034022505EB92421CB9214D5543056097
S3150800FC800BE01D4D6D6805F400351DB11C4D55433F
S3150800FC90056002E0194D5543056002E0174D056001
S3150800FCA000BF00BF144D6D6805F0F0010909154D38
S3150800FCB06B5C0568DD4045600F4D6D6805F4E061D5
S3150800FCC0090A104D6B5C4568DD4085600A4D6D6814
S3150800FCD005F46051C90A0B4D6B5C4568DD40C5608B
S3150800FCE0054D6D6805F44041890B074D6B5CC56889
S3150800FCF0B5FBF3F5056130BD0010024000127A002D
S3150800FD0000093D00000000201000002010B5014643
S3150800FD100022002300204A11012A02D1094C236837
S3150800FD2006E0022A02D1074C236A01E0054C636A01
S3150800FD3001F01F02012494401C400CB1012000E090
S3150800FD40002010BD001002400248406800F00C0078
S3150800FD50704700000010024001460020034A506820
S3150800FD6020F0F00008435060704700000010024081
S3150800FD701149096821F480310F4A11601146096852
S3150800FD8021F480211160B0F5803F03D0B0F5802FB3
S3150800FD900ED106E00849096841F48031064A116027
S3150800FDA007E00549096841F4A021034A116000E00B
S3150800FDB000BF00BF704700000010024001490860FC
S3150800FDC0704700008004424201460020034A5068FA
S3150800FDD020F4E060084350607047000000100240BD
S3150800FDE001460020034A506820F4605040EAC100EA
S3150800FDF050607047001002400149086670470000CD
S3150800FE000000424202460020044B586820F47C1049
S3150800FE1042EA01031843014B58607047001002403C
S3150800FE2001490860704700003C0442420249096AD9
S3150800FE300143014A11627047001002400146002042
S3150800FE40034A506820F003000843506070470000DA
S3150800FE500010024010B5F8F76FF9012240210B484F
S3150800FE60FAF783F820210948FAF776F8012803DB20
S3150800FE70F8F774F9002010BDF8F770F90022402150
S3150800FE800248FAF772F80120F5E700000008014079
S3150800FE9010B500F0B5FB012291020F48FAF765F894
S3150800FEA0052008F0B7FD4FF400610B48FAF754F83F
S3150800FEB0012803DB00F0B6FB002010BD00F0B2FB02
S3150800FEC000224FF480610448FAF74FF8052008F03D
S3150800FED0A1FD0120F1E70000000C014010B501F07A
S3150800FEE0A3FB012204210E48FAF73FF8272008F061
S3150800FEF091FD02210A48FAF72FF8012803DB01F0E1
S3150800FF00A5FB002010BD01F0A1FB00220421044836
S3150800FF10FAF72BF8272008F07DFD0120F2E700000C
S3150800FF200010014010B501F0A3FB012240210E4844
S3150800FF30FAF71BF8272008F06DFD80210A48FAF722
S3150800FF400BF8012803DB01F0A5FB002010BD01F02A
S3150800FF50A1FB002240210448FAF707F8272008F0F9
S3150800FF6059FD0120F2E70000000C014010B52720DA
S3150800FF7008F050FD272008F04DFD012010BD0000B7
S3150800FF801FB500200090019002900390FDF72CFB0E
S3150800FF9020B112480078401C1049087010480088A3
S3150800FFA010490988884218D00D48008800EB80025D
S3150800FFB002EBC0000C4A81180D226846F4F7B2F825
S3150800FFC0684600F049FC06480088401C0A2190FB58
S3150800FFD0F1F201FB1200024908801FBD1F00002034
S3150800FFE02E0800202C080020DC2800201FB5002041
S3150800FFF000900190029003901548008815490988D9
S31508010000884223D01448007800BB00201349487160
S315080100100120114908700E48008800EB800202EBA6
S31508010020C0000F4A81180D226846F4F77BF8684626
S3150801003009F0DCFE012809D105480088401C142175
S3150801004090FBF1F201FB1200014908801FBD000077
S315080100502A0800202808002030080020240700204C
S31508010060D82700200FB500209DF800100144C8B21A
S315080100709DF801100144C8B29DF802100144C8B2A6
S315080100809DF803100144C8B29DF804100144C8B292
S315080100909DF805100144C8B29DF806100144C8B27E
S315080100A09DF807100144C8B29DF808100144C8B26A
S315080100B09DF809100144C8B29DF80A100144C8B256
S315080100C09DF80B100144C8B204B000BD10B501205B
S315080100D007F0E2F9022007F0DFF9032007F0DCF95F
S315080100E010BD000010B5012007F046F8022007F000
S315080100F043F8032007F040F8012240210148F9F7A7
S3150801010034FF10BD001001401CB54FF40030F8F75C
S31508010110A5F8012240212248F9F727FF01200221EB
S3150801012010231A46CDE9001081031D48FDF796FCF8
S3150801013042F21070FDF757F90120022110231A46E1
S31508010140CDE90010C1031648FDF788FC1548FDF7EF
S315080101504AF90020022110230822CDE900100902DC
S315080101601148FDF77BFC42F21070FDF73CF90120BE
S31508010170022110230822CDE9001041030A48FDF7A0
S315080101806DFC42F21070FDF72EF9002301224FF49F
S315080101908B61D00204F0E6FFFEF71CF91CBD0000D6
S315080101A000100140E0C81000000C0140024909880E
S315080101B08143014A1180704704280040034800889A
S315080101C040F01000014908807047000004280040EB
S315080101D0034800884FF6EF710840014908807047C7
S315080101E00428004070B50024002500F097F8454919
S315080101F00860084600684449B0FBF1F443480088A2
S31508010200A0423CD041490C804FF4FA6510E02846DB
S31508010210FEF7B0FE40B1B4F5B77F02D3A4F5B774C3
S3150801022004E0681C85B206E0A4F26D14681C85B268
S31508010230B4F5B67FEBD800BF35488580002516E0B2
S3150801024033498888FEF796FE30B1012D04D11D2C5D
S3150801025001D31D3C09E00CE02E48405DA04203D8BD
S315080102602C48405D241A00E003E0681C85B21C2C6A
S31508010270E6D200BF681C26498871601CC8712148EE
S3150801028000682149B0FBF1F201FB12044FF46160E9
S31508010290B4FBF0F01E4908704FF46160B4FBF0F14D
S315080102A000FB11403C21B0FBF1F0194948704FF4AD
S315080102B06160B4FBF0F100FB11403C21B0FBF1F2A7
S315080102C001FB1200124988700B46DA7999799888E8
S315080102D000F040F80E490872084680780E49887180
S315080102E00B48407848710A48007808710848C0796F
S315080102F0C87007488079887005488088088000207A
S3150801030070BD00006C000020805101007E000020B5
S31508010310EA0800207AB40108640000200021034895
S315080103200188001F008841EA004070471C280040E8
S3150801033001460020064A12880A40D0B2044A121F12
S3150801034012880A4012B108B1012000E00020704766
S3150801035004280040F0B503460C461546642093FB75
S31508010360F0F0C6B2642093FBF0F700FB1730C1B278
S31508010370132E02DD01F16400C1B20846CF1701EB65
S31508010380977701EBA707BAB2072092FBF0F700FBB4
S31508010390172082B25719601EDFF82CC01CF800001E
S315080103A0384482B2CF1701EB9777BF10A1EB8707C5
S315080103B01FB9032C01DA501E82B2072092FBF0F70F
S315080103C000FB1720C0B2F0BD6EB4010810B50022BB
S315080103D04FF400610B48F9F7C8FD052008F01AFB30
S315080103E0012291020748F9F7C0FD052008F012FB22
S315080103F000224FF480610348F9F7B7FD052008F09C
S3150801040009FB10BD000C014010B5012291021048EC
S31508010410F9F7ABFD052008F0FDFA0122D1020C48D7
S31508010420F9F7A3FD052008F0F5FA00224FF400615B
S315080104300748F9F79AFD052008F0ECFA00224FF46F
S3150801044080610348F9F791FD052008F0E3FA10BD2C
S31508010450000C014010B500224FF400610B48F9F772
S3150801046084FD052008F0D6FA012291020748F9F71A
S315080104707CFD052008F0CEFA0122D1020348F9F7DE
S3150801048074FD052008F0C6FA10BD0000000C0140F5
S3150801049010B50122D1020C48F9F767FD052008F0CD
S315080104A0B9FA012291020848F9F75FFD052008F01B
S315080104B0B1FA00224FF480610348F9F756FD052089
S315080104C008F0A8FA10BD0000000C014010B5012083
S315080104D0FFF72EFF08B1FFF785FE0220FFF728FF79
S315080104E020B10220FFF762FEFFF77CFE0520FFF729
S315080104F05DFE00F05DF910BD1CB5002401214FF029
S31508010500C050FFF723FB0120FEF7B2FF0120FFF7DA
S3150801051055FC0420F4F7EEFD4BF2A101884239D0CF
S31508010520F4F7E0FD05E0601C84B242F21070FCF7B6
S315080105305AFF6120FFF7EAFB08B9322CF3DB322CAC
S3150801054001DB01201CBD4FF40070FFF76FFC012091
S31508010550FFF766FC00F02CF900F034F900F028F9F1
S31508010560FFF72CFE49F6404000F0E0F800F020F9CC
S3150801057000200090082301221146019040F2D17013
S3150801058000F062F8FFF724FE4BF2A1010420F4F70C
S31508010590BFFD03E000F016F900F00AF9FFF722FEA5
S315080105A00020CFE770B50546002400F029F800269B
S315080105B01DE06006040E012291021048F9F7D5FCE8
S315080105C0052008F027FA4FF400610C48F9F7C4FC36
S315080105D0012801DB44F0010400224FF48061074839
S315080105E0F9F7C3FC052008F015FA701CC6B2082EE7
S315080105F0DFDB00F017F82C7070BD0000000C01401D
S3150801060008B54FF40060ADF8000003208DF802002C
S3150801061004208DF8030069460148F9F7C9FB08BDAE
S31508010620000C014008B54FF40060ADF80000032046
S315080106308DF8020014208DF8030069460148F9F780
S31508010640B7FB08BD000C01402DE9F05F06460F46D1
S3150801065090469946DDE90AAB0024B6F5FA6F03DB45
S3150801066040F63300864202DD0120BDE8F09F4FF4D3
S31508010670FA650AE02846FEF77DFC10B120480444D5
S3150801068001E020480444681C85B2B542F2DB781EB5
S31508010690C7B2002510E01C48405D40F2A32148433B
S315080106A004EBC0143046FEF765FC18B1012D01D1E3
S315080106B016480444681C85B2BD42ECDBA8F101006A
S315080106C040F2A321484304EBC014C9EB4910C0EB1F
S315080106D0092004EB0014CAEB0A1004EB80045C44FD
S315080106E001214FF0C050FFF731FA0120FEF7C0FE95
S315080106F0204600F00DF800F05BF80020B5E7000091
S315080107000085E2018033E1017AB4010880510100D4
S3150801071000B50246FFF752FD100C03490880091D72
S315080107200A80FFF755FD00BD1828004000B50246AE
S31508010730FFF744FDC2F3034003490880091D0A80F7
S31508010740FFF746FD00BD00000828004070B50446C5
S31508010750002527E004F080066006040E802E05D1E8
S315080107600122D1021148F9F700FC05E000224FF4F5
S3150801077000610E48F9F7F9FB052008F04BF901224B
S3150801078091020A48F9F7F1FB052008F043F900221E
S315080107904FF480610548F9F7E8FB052008F03AF9B6
S315080107A0681CC5B2082DD5DB70BD0000000C0140E0
S315080107B000BF0348008800F020000028F9D07047E0
S315080107C004280040074800884FF6F7710840054994
S315080107D0088000BF0348008800F008000028F9D007
S315080107E0704700000428004010B500240A48007824
S315080107F001280FD100200849087000BF05E0074904
S3150801080051F824008047601CC4B2052CF7D3012097
S315080108100149087010BD0000CD070020D40700204B
S315080108200146302901DB00207047094850F82100AC
S3150801083058B10020074A42F821000022044840F82E
S315080108402120F03842540120EEE70020ECE70000B1
S31508010850401D0020901B00201CB504460020009076
S3150801086000236A4640F2EF414FF40060FCF754F961
S31508010870002301AA40F249414FF40060FCF74CF904
S3150801088001983F306178884205D10A48006850B915
S315080108900098012807D06078402809D105480068E2
S315080108A030B9009820B9A178221D0020FEF706FE6E
S315080108B01CBD00001C0800202DE9FC410020019008
S315080108C08046002600240027009027480078401C0F
S315080108D0C0B2254908700A2803DA0120234908709D
S315080108E005E00A2020490870002020490870FDF714
S315080108F0F3FC054600236A4640F2D7714FF40060BF
S31508010900FCF70AF900242AE01848007801280CD1D6
S3150801091015F8141016480155075D04F13001012335
S315080109203A46980204F01EFC17E0E2B235F81410B4
S3150801093001AB0220F4F770FB0E4810F80480BDF8ED
S31508010940046001460E550A480655075D04F1300153
S3150801095001233A46980204F005FC601C84B200980B
S315080109608442D1DBBDE8FC81080800200708002085
S31508010970BC100020581100202DE9FC4700200190E9
S315080109800026814600270090804600242A480078E0
S31508010990401CC0B228490870322803DA01202749C9
S315080109A0087005E0322024490870002023490870A0
S315080109B0FDF796FC054600236A4640F2D6714FF4C8
S315080109C00060FCF7A9F8002431E01C4800780128EA
S315080109D00ED135F814001A4921F81400084630F8E2
S315080109E01480214601234246980204F0BBFB1CE011
S315080109F0E2B235F8141001AB0120F4F70DFBBDF88E
S31508010A0004600F4830F8149026F07F40002100EB6F
S31508010A1011270B4921F81470084630F8148021462D
S31508010A2001234246980204F09DFB601C84B200989B
S31508010A308442CADBBDE8FC870A08002009080020B1
S31508010A405C10002010B53048007800F00300022839
S31508010A5047DA2D480078C0F38100022841DA2A488E
S31508010A60807800F0030002283BDA27488078C0F333
S31508010A708100022835DA2448407800F0030002286C
S31508010A802FDA21484078C0F38100022829DA1E4866
S31508010A904078C0F30110022823DA1B484078022166
S31508010AA0B1EB901F1DDD19480088D0B918480078A8
S31508010AB0012816D117480078012812D1164800785E
S31508010AC003280ED01548007801280AD11448007861
S31508010AD038B9002301224FF47C61D00204F042FBAD
S31508010AE010E000200F49087000231A464FF47C6174
S31508010AF04FF4006004F036FB0020FDF735FB0120BA
S31508010B00FDF774FB10BD00002C07002060080020CB
S31508010B10D1070020D00700208C000020C90700203B
S31508010B201E000020920000202DE9FE4300200290BD
S31508010B300190002500240026804600270090002306
S31508010B401A4640F6BB714FF4006004F00BFB002314
S31508010B5002AA40F2EF314FF40060FBF7DDFF00BF58
S31508010B604BE005F2F331002301AA4FF40060FBF7CD
S31508010B70D3FF00243CE005EB051000EB40002149BA
S31508010B800144062000EB4400401C085C05EB0511F6
S31508010B9001EB41011B4A1144062202EB4402895C1E
S31508010BA000EB01281FFA88F0FDF72CFC074644F2F2
S31508010BB07400874200DD0746642097FBF0F012496E
S31508010BC021F81600701CC6B2032E0FD1019804280D
S31508010BD00CD100236A4640F2F4714002FBF79CFFF0
S31508010BE00949009821F81600701CC6B2601CC4B2E7
S31508010BF001988442BFDB681CC5B202988542B0DB06
S31508010C00BDE8FE83442F0020680800202DE9FC4139
S31508010C1000200190009000270026002500240023CB
S31508010C2001AA40F2EF314FF40060FBF775FF00BFF0
S31508010C305EE006F57C7100236A464FF40060FBF717
S31508010C406BFF00254FE006EB061000EB40002B4931
S31508010C5001440E2000EB4500401C085C06EB06111A
S31508010C6001EB4101254A11440E2202EB4502895C3A
S31508010C7000EB012707EB87004009214921F81400F9
S31508010C80084630F8140041F28831884203DD0846E7
S31508010C901B4921F8140047F6FF70874203D04FF627
S31508010CA0FF70874212D11748005D401C1549085547
S31508010CB00846005D0A2812DB114830F8140012496B
S31508010CC021F8140000200F49085508E00C4830F8AF
S31508010CD014000D4921F8140000200A490855601C22
S31508010CE0C4B2681CC5B200988542ACDB701CC6B29A
S31508010CF0019886429DDBBDE8FC810000442F002057
S31508010D003E3000209E300020DE2F002010B5002244
S31508010D1002210B48F9F729F9272007F07BFE012262
S31508010D2004210748F9F721F9272007F073FE002265
S31508010D3004210348F9F719F9272007F06BFE10BDBE
S31508010D40001001402DE9F041A0B006460F461546B0
S31508010D504FF0000880216846F3F7FDF900F088F89E
S31508010D60342000F039F9FFF7B9F828B900F0A4F8EA
S31508010D70002020B0BDE8F081384600F02DF9FFF7D4
S31508010D80ADF818B900F098F80020F2E7284600F007
S31508010D9023F9FFF7A3F818B900F08EF80020E8E761
S31508010DA000F066F8352000F017F9FFF797F818B93B
S31508010DB000F082F80020DCE7002406E000F02EF8B7
S31508010DC03055FFF7A3FF601C84B2AC42F6DB00F096
S31508010DD025F8804600F08CF800F06EF834208DF87E
S31508010DE000008DF801708DF8025035208DF803004A
S31508010DF0002405E0315D201D0DF80010601C84B249
S31508010E00AC42F7DB281DC1B26846F4F70BFF404533
S31508010E1001D00020ADE70120ABE7000070B5002442
S31508010E2000F002FC00251BE06006040E01220421E5
S31508010E300E48F9F79AF8272007F0ECFD02210B482E
S31508010E40F9F78AF8012801DB44F00104002204219C
S31508010E500648F9F78AF8272007F0DCFD681CC5B2B1
S31508010E60082DE1DB00F0F2FB204670BD00100140C1
S31508010E7010B5012204210F48F9F777F8272007F062
S31508010E80C9FD012202210B48F9F76FF8272007F05F
S31508010E90C1FD002202210748F9F767F8272007F064
S31508010EA0B9FD002204210348F9F75FF8272007F066
S31508010EB0B1FD10BD0010014010B5002202210B48FA
S31508010EC0F9F753F8272007F0A5FD01220421074861
S31508010ED0F9F74BF8272007F09DFD01220221034867
S31508010EE0F9F743F8272007F095FD10BD00100140DA
S31508010EF010B5012202210B48F9F737F8272007F028
S31508010F0089FD012204210748F9F72FF8272007F060
S31508010F1081FD002204210348F9F727F8272007F065
S31508010F2079FD10BD001001402DE9F041A0B005463C
S31508010F300F46164680216846F3F70DF94FF000086B
S31508010F4034208DF800008DF80170002405E0295D34
S31508010F50A01C0DF80010601C84B2B442F7DBB01C6B
S31508010F60C1B26846F4F75EFE8046FFF781FF34207A
S31508010F7000F032F8FEF7B2FF28B9FFF79DFF00200F
S31508010F8020B0BDE8F081384600F026F8FEF7A6FF46
S31508010F9018B9FFF791FF0020F2E700240CE015F8D5
S31508010FA0010B00F019F8FEF799FF18B9FFF784FF4E
S31508010FB00020E5E7601C84B2B442F0DB404600F04D
S31508010FC00BF8FEF78BFF18B9FFF776FF0020D7E776
S31508010FD0FFF772FF0120D3E770B50446002525E027
S31508010FE004F080066006040E802E05D10122022136
S31508010FF01048F8F7BAFF04E0002202210D48F8F775
S31508011000B4FF272007F006FD012204210948F8F755
S31508011010ACFF272007F0FEFC002204210548F8F75B
S31508011020A4FF272007F0F6FC681CC5B2082DD7DBFC
S3150801103070BD00000010014010B5002280210B4848
S31508011040F8F793FF272007F0E5FC0122402107481E
S31508011050F8F78BFF272007F0DDFC00224021034823
S31508011060F8F783FF272007F0D5FC10BD000C0140D7
S315080110702DE9F041A0B006460F4615464FF0000887
S3150801108080216846F3F767F800F088F8342000F005
S3150801109039F9FEF747FF28B900F0A4F8002020B077
S315080110A0BDE8F081384600F02DF9FEF73BFF18B987
S315080110B000F098F80020F2E7284600F023F9FEF739
S315080110C031FF18B900F08EF80020E8E700F066F85D
S315080110D0352000F017F9FEF725FF18B900F082F858
S315080110E00020DCE7002406E000F02EF83055FFF773
S315080110F0A3FF601C84B2AC42F6DB00F025F88046FB
S3150801110000F08CF800F06EF834208DF800008DF8A8
S3150801111001708DF8025035208DF80300002405E092
S31508011120315D201D0DF80010601C84B2AC42F7DB5E
S31508011130281DC1B26846F4F775FD404501D0002067
S31508011140ADE70120ABE7000070B5002400F090FA86
S3150801115000251BE06006040E012240210E48F8F71F
S3150801116004FF272007F056FC80210B48F8F7F4FE08
S31508011170012801DB44F00104002240210648F8F762
S31508011180F4FE272007F046FC681CC5B2082DE1DBF2
S3150801119000F080FA204670BD000C014010B501220E
S315080111A040210F48F8F7E1FE272007F033FC01221A
S315080111B080210B48F8F7D9FE272007F02BFC0022DF
S315080111C080210748F8F7D1FE272007F023FC0022E3
S315080111D040210348F8F7C9FE272007F01BFC10BD7C
S315080111E0000C014010B5002280210B48F8F7BDFE1E
S315080111F0272007F00FFC012240210748F8F7B5FE22
S31508011200272007F007FC012280210348F8F7ADFEE5
S31508011210272007F0FFFB10BD000C014010B5012285
S3150801122080210B48F8F7A1FE272007F0F3FB0122DE
S3150801123040210748F8F799FE272007F0EBFB002223
S3150801124040210348F8F791FE272007F0E3FB10BD7C
S31508011250000C01402DE9F041A0B005460F4616469F
S3150801126080216846F2F777FF4FF0000834208DF8A1
S3150801127000008DF80170002405E0295DA01C0DF819
S315080112800010601C84B2B442F7DBB01CC1B26846D8
S31508011290F4F7C8FC8046FFF781FF342000F032F8E6
S315080112A0FEF740FE28B9FFF79DFF002020B0BDE8F4
S315080112B0F081384600F026F8FEF734FE18B9FFF734
S315080112C091FF0020F2E700240CE015F8010B00F06D
S315080112D019F8FEF727FE18B9FFF784FF0020E5E79E
S315080112E0601C84B2B442F0DB404600F00BF8FEF70E
S315080112F019FE18B9FFF776FF0020D7E7FFF772FF47
S315080113000120D3E770B50446002525E004F08006E0
S315080113106006040E802E05D1012280211048F8F7B7
S3150801132024FE04E0002280210D48F8F71EFE27203E
S3150801133007F070FB012240210948F8F716FE27201D
S3150801134007F068FB002240210548F8F70EFE272022
S3150801135007F060FB681CC5B2082DD7DB70BD00001D
S31508011360000C014010B5272007F054FB272007F091
S3150801137051FB272007F04EFB10BD2DE9F041A0B027
S3150801138006460F4615464FF0000880216846F2F7D3
S31508011390E2FE00F06FF8342000F0E8F8FEF7E6FD0B
S315080113A028B900F075F8002020B0BDE8F08138466C
S315080113B000F0DCF8FEF7DAFD18B900F069F800204C
S315080113C0F2E7284600F0D2F8FEF7D0FD18B900F08A
S315080113D05FF80020E8E700F04DF8352000F0C6F880
S315080113E0FEF7C4FD18B900F053F80020DCE7002425
S315080113F006E000F02DF83055FFF7B4FF601C84B203
S31508011400AC42F6DB00F024F8804600F04CF800F018
S315080114103FF834208DF800008DF801708DF80250E0
S3150801142035208DF80300002405E0315D201D0DF8F7
S315080114300010601C84B2AC42F7DB281DC1B26846B5
S31508011440F4F7F0FB404501D00020ADE70120ABE7FA
S3150801145070B50024002509E06006040E272007F070
S31508011460D9FA272007F0D6FA681CC5B2082DF3DB8E
S31508011470204670BD10B5272007F0CCFA272007F0C3
S31508011480C9FA272007F0C6FA272007F0C3FA10BDC4
S3150801149010B5272007F0BEFA272007F0BBFA272048
S315080114A007F0B8FA10BD10B5272007F0B3FA2720C0
S315080114B007F0B0FA272007F0ADFA10BD2DE9F04183
S315080114C0A0B005460F46164680216846F2F743FE48
S315080114D04FF0000834208DF800008DF801700024C3
S315080114E005E0295DA01C0DF80010601C84B2B44209
S315080114F0F7DBB01CC1B26846F4F794FB8046FFF7E8
S31508011500B9FF342000F032F8FEF730FD28B9FFF7AD
S31508011510BFFF002020B0BDE8F081384600F026F86C
S31508011520FEF724FD18B9FFF7B3FF0020F2E7002400
S315080115300CE015F8010B00F019F8FEF717FD18B9BC
S31508011540FFF7A6FF0020E5E7601C84B2B442F0DB92
S31508011550404600F00BF8FEF709FD18B9FFF798FFAA
S315080115600020D7E7FFF794FF0120D3E770B50446BB
S3150801157000250EE004F080066006040E272007F019
S3150801158049FA272007F046FA272007F043FA681C8C
S31508011590C5B2082DEEDB70BD2DE9F04104460D46B6
S315080115A016461F464FF0000834B93A4631462846D2
S315080115B0FFF7C8FB804610E0012C06D13A463146B2
S315080115C02846FFF755FD804607E0022C05D13A4625
S315080115D031462846FFF7D1FE80464046BDE8F081F0
S315080115E02DE9F04104460D4616461F464FF0000800
S315080115F034B93A4631462846FFF796FC804610E04C
S31508011600012C06D13A4631462846FFF723FE804685
S3150801161007E0022C05D13A4631462846FFF74EFF28
S3150801162080464046BDE8F08108B50220ADF80000C5
S3150801163003208DF8020004208DF80300694602484C
S31508011640F8F7B6FB08BD00000010014008B50220F6
S31508011650ADF8000003208DF8020014208DF8030070
S3150801166069460248F8F7A4FB08BD000000100140CE
S3150801167008B58020ADF8000003208DF8020004208B
S315080116808DF8030069460248F8F792FB08BD000089
S31508011690000C014008B58020ADF8000003208DF844
S315080116A0020014208DF8030069460248F8F780FB0A
S315080116B008BD0000000C014038B500200090002448
S315080116C000236A4640F2EF314FF40060FBF724FA33
S315080116D000BF11E00F48005D64280BDB64200D494B
S315080116E008550023012240F6B971D00203F03AFDEC
S315080116F0012038BD601CC4B200988442EADB00238D
S315080117001A4640F6B9714FF4006003F02BFD00202C
S31508011710EFE7000065080020704700002DE9F04159
S3150801172088B0002400BF0020079000260690059087
S31508011730049080460390029000270190002307AA8F
S3150801174040F244414FF40060FBF7E6F9002302AA90
S315080117504FF49E614FF40060FBF7DEF9FCF7C4FD18
S3150801176004460298012802D145F2DE3701E046F621
S31508011770D50704F40040B0B34FF6FF7184EA0100BF
S31508011780441C45F2E33084420BD3C82104FB01F023
S3150801179064214843B0FBF7F048430799B0FBF1F5DC
S315080117A01DE040F6640084420ED3C82104FB01F013
S315080117B04FF47A714843B0FBF7F000EB8000400024
S315080117C00799B0FBF1F50AE0C82104FB01F042F2E2
S315080117D010714843B0FBF7F00799B0FBF1F547F2F2
S315080117E03050054431E0FFE745F2E33084420BD33C
S315080117F0C82104FB01F064214843B0FBF7F04843D4
S315080118000799B0FBF1F51DE040F6640084420ED35A
S31508011810C82104FB01F04FF47A714843B0FBF7F095
S3150801182000EB800040000799B0FBF1F50AE0C821FA
S3150801183004FB01F042F210714843B0FBF7F0079937
S31508011840B0FBF1F547F23050451BA9B204AB0022B3
S315080118500320F3F7E1FBBDF8106047480660002353
S3150801186006AA40F224414FF40060FBF755F900231C
S3150801187005AA40F225414FF40060FBF74DF9069899
S31508011880301A05994843642190FBF1F047F230512B
S3150801189008443A49096846183948006847F23051F8
S315080118A00844B04202DA4FF0020810E034480068F2
S315080118B047F23051081AB04202DD4FF0010806E03E
S315080118C0FBF79EFE08B947F230564FF00008002391
S315080118D0324640F2D2714FF4006003F043FC002314
S315080118E0424640F2D3714FF4006003F03BFC0023FB
S315080118F003AA40F2EF414FF40060FBF70DF9039894
S31508011900012812D1002301AA40F23941C002FBF78E
S3150801191003F90198864202DDFBF78AFE28B1032006
S3150801192008F044F901201749087017480078022879
S3150801193008D1B8F1010F05D10120144908701249DF
S31508011940087015E01148007801280ED11048008862
S31508011950401C0F49088008460088322808DB002009
S315080119600A4908700A49088002E0074981F8008097
S3150801197008B0BDE8F0810000380700200008002003
S31508011980FC070020C807002006080020CA07002017
S315080119900408002010B500F0B3F800F001F810BDF6
S315080119A02DE9F8434FF000080024002700250026FA
S315080119B00020009081464F49C871FF2048720023D4
S315080119C06A4640F2EF314FF40060FBF7A5F800983C
S315080119D000F0FF0800BF57E004F2F33100236A461E
S315080119E04FF40060FBF798F80098C7B20021424807
S315080119F00155FF21801D015500251FE071193F483A
S31508011A00415C3D48005D814206DB71193B48415CFA
S31508011A1039480155C01C055571193848415C364885
S31508011A20801D005D814207DA71193448415C3248EC
S31508011A30801D0155C01C0555681CC5B2BD42DDDBBC
S31508011A402D48005D2B49C979884208DB2A48005D83
S31508011A502849C8712848C01C005D304408722648C8
S31508011A60801D005D2349497A884209DA2248801D8A
S31508011A70005D2049487220480930005D304488726B
S31508011A80F019C6B2601CC4B24445A5DB194890F8E2
S31508011A90079001234A464721980203F063FB15483C
S31508011AA0007A00F1010901234A464B21980203F005
S31508011AB059FB104890F8099001234A464821980293
S31508011AC003F050FB0B48807A00F1010901234A46CD
S31508011AD04C21980203F046FB0648C0790549497A24
S31508011AE0A0EB010901234A464621980203F03AFB75
S31508011AF0BDE8F8834411002023110020BC10002002
S31508011B002DE9F84F4FF0000A00240027002500268A
S31508011B100020009080468146754908804FF6FF707F
S31508011B20888000207349086000236A4640F2EF3135
S31508011B304FF40060FAF7F0FF009800F0FF0A00BFC3
S31508011B4088E004F57C7100236A464FF40060FAF7D1
S31508011B50E3FF0098C7B20020674921F814004FF641
S31508011B60FF7165480A3020F8141000211E3040F82C
S31508011B702410002539E07019604931F810008144B4
S31508011B805D48283050F8240071195C4A32F8111062
S31508011B9001445948283040F824107019114631F883
S31508011BA01000554931F81410884208DB701911469E
S31508011BB031F81000504921F81400881D055570198F
S31508011BC04E4931F810104C480A3030F81400814259
S31508011BD009DA7019494931F8101047480A3020F8CE
S31508011BE01410801D0555681CC5B2BD42C3DB4248A9
S31508011BF0283050F82400B0FBF7F081B23E48203077
S31508011C0020F81410203830F8140039490988884218
S31508011C1009DB394830F81400354908803648801DF3
S31508011C20005D3044887034480A3030F81400304971
S31508011C30898888420ADA30480A3030F814002C4973
S31508011C4088802D481030005D30448871F019C6B27D
S31508011C50601CC4B25445FFF674AF6420B9FBF0F8B2
S31508011C602348C0F81080012342464021080103F0A9
S31508011C7079FAB9FBF6F81E49A1F80C800123424608
S31508011C804121980203F06EFA1948B0F80080012341
S31508011C9042464321980203F065FA1548807800F117
S31508011CA00108012342464921980203F05BFA1048CC
S31508011CB0B0F80480012342464421980203F052FAFF
S31508011CC00B48807900F10108012342464A2198020E
S31508011CD003F048FA0648008805498988A0EB0108F7
S31508011CE0012342464521980203F03CFABDE8F88FE4
S31508011CF044110020F4070020101100205C10002078
S31508011D0010B50446342202492046F2F70BFA10BDF3
S31508011D1010110020004870475C10002010B5FCF730
S31508011D204FFBFEF773FFFEF727FEFEF7FDFEFEF7F4
S31508011D30C3FDFFF72FFEF4F7BBF810BD0EB5002063
S31508011D400290009001906846FCF74EF9BDF8000034
S31508011D50A0F5FA62002340F204414FF4006003F053
S31508011D6001FA9DF80220002340F205414FF4006074
S31508011D7003F0F8F99DF80320002340F206414FF4D9
S31508011D80006003F0EFF99DF80420002340F20741B3
S31508011D904FF4006003F0E6F99DF8052000234FF49F
S31508011DA081614FF4006003F0DDF99DF806200023F8
S31508011DB040F209414FF4006003F0D4F9002302AA66
S31508011DC040F2E9714FF40060FAF7A6FE00234FF4DA
S31508011DD07F714FF40060029A03F0C4F900231A4692
S31508011DE05521981E07F05EF90EBD0000F0B587B0C3
S31508011DF0002400250027002600200690059004905F
S31508011E00039002900190009000BF28E304EB840040
S31508011E10FC4901EB8000C07C22287BD1002306AA5D
S31508011E204FF47A714FF40060FAF776FED0B104EBFD
S31508011E308400F44A02EB8000002303AA81684FF468
S31508011E400060FAF769FE68B104EB8400ED4A52F8BE
S31508011E502010002301AA4FF40060FAF75DFE08B1CD
S31508011E600A2E00DBF9E20025ADE0681CC3B204EBDB
S31508011E708400E44A02EB800002AA41684FF48060BC
S31508011E80FAF74AFE00B9A2E004EB8400DD4901EB4A
S31508011E908000807C012845D1DDE9020188423ADDCE
S31508011EA0D94800EB460030F81500401CD64901EB2D
S31508011EB0460121F81500D44800EB460030F8150014
S31508011EC004EB8401CF4A02EB81018989884278DDD6
S31508011ED0681CCE49087004EB840052F820100023D0
S31508011EE055224FF4006003F03DF90020C7490870F8
S31508011EF0C54800EB460030F81500FF2805D16420D7
S31508011F00C14901EB460121F815000020C04921F815
S31508011F1014005CE09AE00020BB4901EB460121F878
S31508011F2015004EE0DDE90201884244DAB64800EBC5
S31508011F30460030F81500401CB34901EB460121F86B
S31508011F401500B14800EB460030F81510AE4800EB15
S31508011F50460030F81500401CAB4A02EB460222F84F
S31508011F60150004EB8400A74A02EB800080898142B0
S31508011F7027DD681CA549087004EB840052F8201077
S31508011F80002355224FF4006003F0ECF800209F4926
S31508011F9008709D4800EB460030F81500FF2805D16A
S31508011FA06420994901EB460121F81500002098495A
S31508011FB021F814000BE00020934901EB460121F8B2
S31508011FC01500681C85B206988542FFF64EAF00BF1C
S31508011FD00698854237D10198552834D18C4830F86E
S31508011FE01400401C8A4921F81400084630F81400E8
S31508011FF004EB8401834A02EB8101C989884222DD07
S31508012000681C8249087004EB840052F820100023EA
S31508012010AA224FF4006003F0A5F800207B49087056
S3150801202000270EE0002507E00020774901EB47016C
S3150801203021F81500681C85B206988542F4DB781CE0
S3150801204087B2B742EEDD701C86B205E204EB840066
S315080120506C4A02EB8000002302AA41684FF4006033
S31508012060FAF75AFDC0B104EB8400664A02EB800018
S31508012070002303AA81684FF40060FAF74DFD58B1B1
S3150801208004EB84005F4A52F82010002301AA4FF49A
S315080120900060FAF741FD00B9DFE1002304AA40F226
S315080120A0D3714FF40060FAF737FD0498012822D15D
S315080120B004EB8401534A52F82100F8F7B7F90128CD
S315080120C03FD104EB84004F4A52F82010002305AA99
S315080120D04FF40060FAF720FD059855280AD104EB5C
S315080120E08400484A52F820100023AA224FF40060BF
S315080120F003F038F8B1E10498022822D104EB8401EF
S31508012100404A52F82100F8F7D9FC012819D104EB05
S3150801211084003C4A52F82010002305AA4FF40060B7
S31508012120FAF7FAFC059855280AD104EB8400354AD2
S3150801213052F820100023AA224FF4006003F012F887
S315080121408BE104EB84002F4951F8200040F6BD319C
S31508012150884208D004EB84002A4951F8200040F649
S31508012160C931884221D100236A4640F2ED714FF404
S315080121700060FAF7D1FC0098012816D1002305AAB8
S3150801218040F6BD31C002FAF7C7FC0598552800D1BB
S3150801219063E1002305AA40F6C9314FF40060FAF756
S315080121A0BBFC0598552800D157E104EB8400154975
S315080121B051F8200040F6BC31884208D004EB84006F
S315080121C0104951F8200040F6C831884230D1002321
S315080121D06A4640F2EC714FF40060FAF79DFC0098EC
S315080121E0012825D10B48007810BB002305AA40F623
S315080121F0BC314FF40060FAF78FFC059855280BD1CE
S315080122002BE10000A8000020BA0A0020D80200200D
S31508012210820A0020C8070020002305AA40F6C83113
S315080122204FF40060FAF778FC0598552800D114E1B7
S3150801223004EB84008C4901EB8000807C012802D0E4
S3150801224002285DD15DE00198552830D104EB840060
S31508012250854901EB8000008A0399081A0299884288
S3150801226020DD824830F81400401C804921F814000A
S31508012270084630F8140004EB84017B4A02EB81011D
S31508012280C98988423CDB04EB840052F820100023FC
S31508012290AA224FF4006002F065FF0020744921F874
S315080122A014002DE00020714921F8140028E0DDE929
S315080122B00201884220DD6E4830F81400401C6C4942
S315080122C021F81400084630F8140004EB8401664A24
S315080122D002EB81018989884212DB04EB840052F8FA
S315080122E02010002355224FF4006002F03BFF002026
S315080122F05E4921F8140003E000205D4921F8140025
S31508012300A9E00198552830D104EB8400564901EB20
S315080123108000008A039908440299884220DA5348C2
S3150801232030F81400401C514921F81400084630F8C9
S31508012330140004EB84014C4A02EB8101C9898842E5
S315080123400DDB04EB840052F820100023AA224FF477
S31508012350006002F007FF0020454921F8140079E0E2
S315080123600020424921F8140074E004EB84003E4938
S3150801237051F82000B0F53D6F19D004EB840051F8EF
S31508012380200040F6D131884211D004EB8400364949
S3150801239051F8200040F6BF31884208D004EB84008A
S315080123A0314951F8200040F6CE31884229D1DDE97C
S315080123B00201884220DC2E4830F81400401C2C49C2
S315080123C021F81400084630F8140004EB8401264A63
S315080123D002EB8101898988423CDB04EB840052F8CF
S315080123E02010002355224FF4006002F0BBFE0020A6
S315080123F01E4921F814002DE000201D4921F814007A
S3150801240028E0DDE90201884220DA194830F814008B
S31508012410401C174921F81400084630F8140004EB4B
S315080124208401114A02EB81018989884212DB04EB96
S31508012430840052F82010002355224FF4006002F060
S3150801244091FE0020094921F8140003E000200849FB
S3150801245021F8140000BF00BF00BF601C84B21C2C09
S31508012460FFF4D4AC07B0F0BDA8000020820A002012
S315080124704A0A002010B500240DE038480068844255
S3150801248000D30AE0364850F8240018B1344951F807
S3150801249024008047641C202CEFD300BF002427E0CA
S315080124A03048005D18B300212E480155303050F8E8
S315080124B0240068B12C4A52F82400A2F5C07252F8D9
S315080124C02410884700212748303040F824100EE0B0
S315080124D02548C03850F8240048B12349C03951F875
S315080124E02400804700212048C03840F82410641C85
S315080124F0302CD5D300242DE01C480068844200D333
S315080125002AE01B48005D20B31948303050F82400F2
S3150801251078B11748005D401EC1B21548015500F54E
S31508012520D87252F82400A2F5C07252F824108847CE
S315080125300FE00F48F03050F8240050B10C48005D08
S31508012540401EC1B20A48015500F1F00151F82400B4
S315080125508047641C302CCFD300BF10BD140800205F
S31508012560B8220020501C0020001E00201008002060
S31508012570442000202DE9FF41002003900290002409
S315080125800025002303AA40F2D6714FF40060FAF73A
S31508012590C3FA00BF75E02146012301AA9802FAF79A
S315080125A0BBFA894830F8140070B98748603030F8AA
S315080125B0140048B98449019821F81400019881B298
S315080125C08148603020F814107F48603030F81400D4
S315080125D07D4921F81400019881B27B48603020F8C2
S315080125E01410603830F81410603030F81400081AE6
S315080125F006B2C82E1DDB7548005D401C7349085597
S3150801260001F13000005D401CC1B2704830300155FF
S315080126103038005D032802DD03206C4908556B48F4
S315080126203030005D03281FDD03216848303001552D
S315080126301AE0642E11DBC82E0FDA00216348303008
S3150801264001553038005D401C604908550846005D53
S31508012650032809DD0320085506E000205B490855D3
S3150801266000215A48303001555848005D032800DBDF
S31508012670012556483030005D032800DB0225601C21
S31508012680C4B20398844286DB002302AA40F2D771BA
S315080126904FF40060FAF740FA002470E004F13001C3
S315080126A001236A469802FAF737FA494850F824008E
S315080126B04749483941F8240001F1900050F824109F
S315080126C0483840F824104830009940F824109038CA
S315080126D050F8240050B902203E49085500203E49C9
S315080126E0085500213C481230015546E03948005D3D
S315080126F0002805DD3748005D401E364908553CE08F
S315080127003348483030F824003149483931F8241023
S31508012710401A07B20A2F07DD01202F490855012162
S315080127202D481230015510E0052F07DD01202A49F1
S315080127300855002128481230015506E0002026498F
S31508012740085500212448123001552348005D012807
S3150801275001D145F0040520481230005D012801D158
S3150801276045F008051A48483050F824006E2803DD5C
S315080127700A2F01DD45F0100500BF601CC4B202989E
S3150801278084428BDB05F00A000A280BD005F0080005
S31508012790082803D105F01000102803D005F005001C
S315080127A005280ED10023012240F6C371D00202F09A
S315080127B0D9FC0023552240F601414FF4006002F08E
S315080127C0D1FCBDE8FF810000F4080020B40900200F
S315080127D024030020380A0020140A00207FB50026A9
S315080127E000200090019002900390002435E01D48D6
S315080127F000EB041000681C4901EBC4018988884272
S3150801280028D3194800EBC4008079012822D116483B
S3150801281050F834000090002508E0124800EB041037
S31508012820401D415D01A84155681CC5B2082DF4DB60
S315080128300E48008828B940F271110098884200D1E3
S3150801284009E06846F2F76EF80020064901EB041123
S31508012850086004E000BF601CC4B20E2CC7D300BFD9
S315080128607FBD0000FC0D0020C8BB010842070020FF
S3150801287030B505460C4600230D48FAF7B3FB034667
S31508012880302B12DA0B480068401C0A4908600A48CE
S3150801289040F823500021C03040F82310A0F54C70B1
S315080128A040F82340C03040F82340184630BD0000A8
S315080128B0C01E002010080020342100202DE9F04711
S315080128C080460C46002500260027A946607821780F
S315080128D000EB012086B2E078A17800EB012087B2EF
S315080128E007EB064900234A4640F2F6314FF40060E9
S315080128F002F038FC054600234A4640F2F2414FF4FD
S31508012900006002F02FFCFCF74BF96079217900EBA6
S31508012910012086B2E079A17900EB012087B207EBA5
S31508012920064900234A4640F2F9314FF4006002F0A5
S3150801293019FC054008F052FB05400548057002469A
S3150801294010214046F2F7BCF82846BDE8F08700009A
S31508012950000700202DE9F04106460D460024002710
S315080129602F7800233A4640F2EF314FF4006002F027
S31508012970F9FB04466F7800233A464FF47C714FF40D
S31508012980006002F0EFFB0440AF7800233A4640F2BC
S31508012990F1314FF4006002F0E5FB0440EF780023C3
S315080129A03A4640F2F2314FF4006002F0DBFB044094
S315080129B02F7900233A4640F2F3314FF4006002F0D2
S315080129C0D1FB04406F7900233A464FF47D714FF4E9
S315080129D0006002F0C7FB0440AF7900233A4640F293
S315080129E0F5314FF4006002F0BDFB044008F0F6FA39
S315080129F0044007480470024611213046F2F760F890
S31508012A0042F210710348F5F745F92046BDE8F08111
S31508012A1000070020718301082DE9F04781460C461D
S31508012A2000BF00BF00BF00BF6078217800EB012717
S31508012A30E078A17800EB01201FFA80F808EB074639
S31508012A404FF47A7046430023324640F2FA314FF486
S31508012A50006002F087FB054600201349087060797B
S31508012A60217900EB0127E079A17900EB01201FFA12
S31508012A7080F808EB07464FF47A704643002332463E
S31508012A8040F2FB314FF4006002F06CFB054008F0A0
S31508012A90A5FA054005480570024612214846F2F78F
S31508012AA00FF82846BDE8F0876C06002000070020CD
S31508012AB02DE9F04706460C4600250027A846A946F3
S31508012AC094F8009000234A464FF47E714FF4006053
S31508012AD002F048FB054694F8019000234A4640F265
S31508012AE002414FF4006002F03DFB0540E078A17811
S31508012AF000EB012087B22079002101EB00201FFAA3
S31508012B0080F808EB074900234A464FF484614FF4DD
S31508012B10006002F027FB0540A079617900EB0120EE
S31508012B201FFA80F900234A4640F203414FF4006038
S31508012B3002F018FB054094F8079000234A4640F234
S31508012B4059414FF4006002F00DFB054000230A4A83
S31508012B5040F259414FF40060F9F7DEFF08F03EFAFA
S31508012B60054006480570024613213046F1F7A8FFCD
S31508012B702846BDE8F0870000FC0700200007002072
S31508012B802DE9F04780460C46002500260027A94670
S31508012B906078217800EB012086B2E078A17800EB15
S31508012BA0012087B207EB064900234A4640F20A414B
S31508012BB04FF4006002F0D6FA05466079217900EBF8
S31508012BC0012086B2E079A17900EB012087B207EBF3
S31508012BD0064900234A4640F20B414FF4006002F0D1
S31508012BE0C1FA054008F0FAF905400548057002469C
S31508012BF014214046F1F764FF2846BDE8F087000036
S31508012C00000700202DE9F04707460D460026B04685
S31508012C10B146B2460024287803280EDA00BF09E037
S31508012C20601C285C2978C1EBC10121441E4A505415
S31508012C30601CC4B2072CF3DB01262878022826D1AA
S31508012C40002422E0A000401C1749085C0A4612F835
S31508012C50241000EB01201FFA80F8A000C01C1146C1
S31508012C60095CA000801C105C01EB00201FFA80F9AA
S31508012C7009EB084A04F20C41002352464FF400605E
S31508012C8002F070FA0640601CC4B2042CDADB08F0C4
S31508012C90A5F9064005480670024615213846F1F79A
S31508012CA00FFF3046BDE8F087DC0E00200007002044
S31508012CB02DE9F04707460D460026B046B146B2460D
S31508012CC00024287805280EDA00BF09E0601C285C74
S31508012CD02978C1EBC10121441E4A5054601CC4B273
S31508012CE0072CF3DB01262878042826D1002422E0C4
S31508012CF0A000401C1749085C0A4612F8241000EB8C
S31508012D0001201FFA80F8A000C01C1146095CA0002A
S31508012D10801C105C01EB00201FFA80F909EB084AB8
S31508012D2004F58261002352464FF4006002F01AFA54
S31508012D300640601CC4B2082CDADB08F04FF90640DD
S31508012D4005480670024616213846F1F7B9FE30469F
S31508012D50BDE8F087F40E0020000700202DE9F047B2
S31508012D6007460D460026B046B146B24600242878E5
S31508012D70052814DC00BF0AE0601C295C2878401E7F
S31508012D80C0EBC0002044254A1154601CC4B2072C6C
S31508012D90F2DB23480078401C21490870012628786F
S31508012DA0052837D11E480078052826D1002422E0B7
S31508012DB0A000401C1949085C0A4612F8241000EBC9
S31508012DC001201FFA80F8A000C01C1146095CA0006A
S31508012DD0801C105C01EB00201FFA80F909EB084AF8
S31508012DE004F58361002352464FF4006002F0BAF9F4
S31508012DF00640601CC4B2082CDADB002008490870BA
S31508012E0008F0ECF8064007480670024617213846CE
S31508012E10F1F756FE3046BDE8F08700001C0F00208A
S31508012E204C0700200007002070B505460E46002411
S31508012E3008F0D4F8044604480470024618212846C6
S31508012E40F1F73EFE204670BD000700202DE9F0414E
S31508012E5006460C46002500276078217800EB0127F5
S31508012E6000233A4640F22D414FF4006002F07AF908
S31508012E700546E078A17800EB012700233A4640F29F
S31508012E803B414FF4006002F06DF905406079217904
S31508012E9000EB012700233A4640F22E414FF4006029
S31508012EA002F060F90540E079A17900EB01270023DA
S31508012EB03A4640F23C414FF4006002F053F90540AE
S31508012EC008F08CF805400548057002461921304678
S31508012ED0F1F7F6FD2846BDE8F0810000000700205D
S31508012EE02DE9F04106460C46002500276078217831
S31508012EF000EB012700233A4640F227414FF40060D0
S31508012F0002F030F90546E078A17800EB01270023A5
S31508012F103A4640F235414FF4006002F023F9054084
S31508012F206079217900EB012700233A464FF4856140
S31508012F304FF4006002F016F90540E079A17900EB3B
S31508012F40012700233A4640F236414FF4006002F069
S31508012F5009F9054008F042F805400548057002469A
S31508012F601A213046F1F7ACFD2846BDE8F08100008C
S31508012F70000700202DE9F04106460C4600250027EA
S31508012F806078217800EB012700233A4640F22B416D
S31508012F904FF4006002F0E6F80546E078A17800EB08
S31508012FA0012700233A4640F239414FF4006002F006
S31508012FB0D9F805406079217900EB012700233A46C3
S31508012FC040F22C414FF4006002F0CCF80540E0795C
S31508012FD0A17900EB012700233A4640F23A414FF422
S31508012FE0006002F0BFF8054007F0F8FF0540054804
S31508012FF0057002461B213046F1F762FD2846BDE8F9
S31508013000F0810000000700202DE9F04106460C4634
S31508013010002500272078217988420BDC60786179C0
S31508013020884207DCA078A179884203DBE078E17958
S31508013030884201DA002552E0277800233A4640F211
S3150801304032414FF4006002F08DF805466778002397
S315080130503A464FF488614FF4006002F083F8054060
S31508013060A77800233A4640F233414FF4006002F054
S3150801307079F80540E77800233A4640F241414FF492
S31508013080006002F06FF80546277900233A464FF4A7
S3150801309086614FF4006002F065F805406779002300
S315080130A03A4640F23E414FF4006002F05BF80540B3
S315080130B0A77900233A4640F231414FF4006002F005
S315080130C051F80540E77900233A4640F23F414FF46B
S315080130D0006002F047F8054007F080FF0540054803
S315080130E0057002461C213046F1F7EAFC2846BDE880
S315080130F0F0810000000700202DE9F04106460C4644
S31508013100002500276078217800EB012700233A463D
S3150801311040F229414FF4006002F024F80546E078B0
S31508013120A17800EB012700233A4640F237414FF4D4
S31508013130006002F017F805406079217900EB012754
S3150801314000233A4640F22A414FF4006002F00AF899
S315080131500540E079A17900EB012700233A464FF4AF
S3150801316087614FF4006001F0FDFF054007F036FF67
S3150801317005400548057002461D213046F1F7A0FCB9
S315080131802846BDE8F0810000000700202DE9F0413E
S3150801319006460C46002500276078217800EB0127B2
S315080131A000233A4640F22F414FF4006001F0DAFF5E
S315080131B00546E078A17800EB012700233A4640F25C
S315080131C03D414FF4006001F0CDFF0540277900230A
S315080131D03A4640F234414FF4006001F0C3FF05401E
S315080131E0677900233A4640F242414FF4006001F004
S315080131F0B9FF054007F0F2FE05400548057002468D
S315080132001E213046F1F75CFC2846BDE8F081000036
S31508013210000700202DE9F04106460C460025002747
S315080132206078217800EB012700233A464FF4806144
S31508013230480001F097FF0546E078A17800EB0127E1
S3150801324000233A4640F201414FF4006001F08AFF3B
S31508013250054007F0C3FE05400448057002461F21D4
S315080132603046F1F72DFC2846BDE8F081000700201D
S315080132702DE9F04106460C4600250027607821789D
S3150801328000EB012700233A4640F243414FF4006020
S3150801329001F068FF0546E078A17800EB01270023D5
S315080132A03A4640F244414FF4006001F05BFF0540A5
S315080132B007F094FE05400548057002462021304670
S315080132C0F1F7FEFB2846BDE8F08100000007002063
S315080132D02DE9FC4106460C46002500200090019088
S315080132E000272078ADF8000060788DF80200A078F4
S315080132F08DF80300E0788DF8040020798DF8050033
S3150801330060798DF806006846FAF7D6FE0546FDF798
S3150801331005F80D49086000200C490860E079A17993
S3150801332000EB0127384602F059F9054007F056FE29
S31508013330054007480570024621213046F1F7C0FBD2
S315080133400120BDE8FC8100007400002078000020FF
S31508013350000700202DE9F04105460C460026002706
S3150801336027780120094908700A4622212846F1F7DB
S31508013370A7FB00233A4640F249414FF4006001F0A9
S31508013380F1FE064667783046BDE8F0810007002061
S315080133902DE9F04107460C4601250026267800232B
S315080133A0324640F25A41E80201F0DCFE0540A678B1
S315080133B00023324640F24A414FF4006001F0D2FE42
S315080133C005402679552E03D0A52E01D05A2E08D1AF
S315080133D00023324640F25D414FF4006001F0C2FE1F
S315080133E005406279002340F2F3414FF4006001F091
S315080133F0B9FE0540E079A17900EB012600233246A2
S3150801340040F2F4414FF4006001F0ACFE0540054876
S315080134100570024623213846F1F752FB2846BDE8D6
S31508013420F0810000000700202DE9F04106460C4610
S3150801343001250027277800233A4640F25B41E80236
S3150801344001F090FE054605480570024624213046DE
S31508013450F1F736FB2846BDE8F08100000007002099
S315080134602DE9F04106460C46012500272778A07864
S31508013470617800EB012700233A4640F25C41E802F5
S3150801348001F070FE054005480570024625213046C3
S31508013490F1F716FB2846BDE8F08100000007002079
S315080134A02DE9F04106460C4600250027227800231F
S315080134B040F2EE414FF4006001F054FE0546607893
S315080134C0012801D1012700E0002700233A4640F2EE
S315080134D0ED414FF4006001F045FE054004480570D2
S315080134E0024626213046F1F7EBFA2846BDE8F08177
S315080134F0000700202DE9F04107460C460026002565
S31508013500A8462078052813DC00BF0AE0681C215C60
S315080135102078401EC0EBC00028441B4A1154681C81
S31508013520C5B2072DF2DB19480078401C1749087007
S31508013530207805281FD115480078052811D11E21A4
S315080135401148F3F7FDFA1FFA80F80F48C07F0E49B4
S31508013550897F00EB0120404503D10B4807F06DFF39
S3150801356006460020094908700948067002462721BF
S315080135703846F1F7A5FA2078A52801D105F058F9BA
S315080135803046BDE8F0810000440F00204D070020B9
S31508013590000700202DE9F04106460C4600250027C4
S315080135A0A8466078217800EB01206179227901EB40
S315080135B0022188423CDB6078217800EB0127002351
S315080135C03A4640F22D414FF4006001F0CBFD054625
S315080135D0E078A17800EB012700233A4640F27441CE
S315080135E04FF4006001F0BEFD05406078217800EBDC
S315080135F001206179227901EB0221471A00233A4613
S3150801360040F275414FF4006001F0ACFD0540E079E8
S31508013610A17900EB012700233A4640F276414FF49F
S31508013620006001F09FFD054007F0D8FC054000E069
S31508013630002505480570024630213046F1F740FA63
S315080136402846BDE8F0810000000700202DE9F04179
S3150801365006460C4600250027A8466078217800EB27
S3150801366001206179227901EB022188423CDC6078EC
S31508013670217800EB012700233A4640F22E414FF408
S31508013680006001F06FFD0546E078A17800EB01279F
S3150801369000233A4640F277414FF4006001F062FD9B
S315080136A005406079217900EB01206178227801EBE8
S315080136B00221471A00233A464FF48F614FF40060FE
S315080136C001F050FD0540E079A17900EB01270023BF
S315080136D03A4640F279414FF4006001F043FD054056
S315080136E007F07CFC054000E0002505480570024608
S315080136F031213046F1F7E4F92846BDE8F0810000AA
S31508013700000700202DE9F04106460C460025002752
S31508013710A8466078217800EB012700233A4640F253
S315080137202C414FF4006001F01DFD0546E078A178B3
S3150801373000EB012700233A4640F273414FF400603B
S3150801374001F010FD05406079217900EB012700237E
S315080137503A4640F22B414FF4006001F003FD054063
S31508013760E079A17900EB012700233A4640F272413C
S315080137704FF4006001F0F6FC054007F02FFC054008
S3150801378004480570024632213046F1F799F9284670
S31508013790BDE8F081000700202DE9F04106460C46F8
S315080137A0002500272078217988420BDC2078A1782A
S315080137B0884207DBA078A179884203DC2079A179C0
S315080137C0884201DA00255FE0277800233A4640F26D
S315080137D032414FF4006001F0C5FC607800EB8000CF
S315080137E0470000233A4640F283414FF4006001F056
S315080137F0B9FC2078A178471A00233A4640F2844159
S315080138004FF4006001F0AEFCE07800EB8000470061
S3150801381000233A4640F285414FF4006001F0A2FCCC
S315080138200546277900233A464FF486614FF400602E
S3150801383001F098FC0540607900EB80004700002301
S315080138403A4640F27D414FF4006001F08BFC054099
S315080138502079A179471A00233A4640F27E414FF46E
S31508013860006001F07FFC0540E07900EB800047002D
S3150801387000233A4640F27F414FF4006001F072FCA2
S31508013880054007F0ABFB05400448057002463321A5
S315080138903046F1F715F92846BDE8F0810007002002
S315080138A02DE9F04106460C460025002720782179A6
S315080138B088420BDB2078A178884207DCA078A179B9
S315080138C0884203DB2079A179884201DD00255FE082
S315080138D0277800233A4640F233414FF4006001F05D
S315080138E041FC607800EB8000470000233A4640F22D
S315080138F086414FF4006001F035FCA0782178471A1B
S3150801390000233A4640F287414FF4006001F02AFC51
S31508013910E07800EB8000470000233A464FF49161B6
S315080139204FF4006001F01EFC0546277900233A464C
S3150801393040F231414FF4006001F014FC0540607912
S3150801394000EB8000470000233A464FF490614FF49C
S31508013950006001F007FC0540A0792179471A002388
S315080139603A4640F281414FF4006001F0FBFB054005
S31508013970E07900EB8000470000233A4640F2824195
S315080139804FF4006001F0EEFB054007F027FB054008
S3150801399004480570024634213046F1F791F8284665
S315080139A0BDE8F081000700202DE9F04106460C46E6
S315080139B000250027A8466078217800EB0120617967
S315080139C0227901EB022188423CDB6078217800EB01
S315080139D0012700233A4640F227414FF4006001F0DF
S315080139E0C1FB0546E078A17800EB012700233A469A
S315080139F040F26C414FF4006001F0B4FB0540607879
S31508013A00217800EB01206179227901EB0221471A1D
S31508013A1000233A4640F26D414FF4006001F0A2FBE3
S31508013A200540E079A17900EB012700233A4640F2E7
S31508013A306E414FF4006001F095FB054007F0CEFAA0
S31508013A40054000E000250548057002463521304647
S31508013A50F1F736F82846BDE8F08100000007002096
S31508013A602DE9F04106460C4600250027A846607850
S31508013A70217800EB01206179227901EB0221884244
S31508013A803CDC6078217800EB012700233A464FF4A5
S31508013A9085614FF4006001F065FB0546E078A17881
S31508013AA000EB012700233A4640F26F414FF40060CC
S31508013AB001F058FB05406079217900EB0120617816
S31508013AC0227801EB0221471A00233A464FF48E6108
S31508013AD04FF4006001F046FB0540E079A17900EB5F
S31508013AE0012700233A4640F271414FF4006001F084
S31508013AF039FB054007F072FA054000E00025054844
S31508013B000570024636213046F0F7DAFF2846BDE849
S31508013B10F0810000000700202DE9F04106460C4619
S31508013B2000250027A8466078217800EB01206179F5
S31508013B30227901EB022188423CDB6078217800EB8F
S31508013B40012700233A4640F22F414FF4006001F065
S31508013B5009FB0546E078A17800EB012700233A46E0
S31508013B6040F27A414FF4006001F0FCFA05406078B2
S31508013B70217800EB01206179227901EB0221471AAC
S31508013B8000233A4640F27B414FF4006001F0EAFA1D
S31508013B900540E079A17900EB012700233A4640F276
S31508013BA07C414FF4006001F0DDFA054007F016FA92
S31508013BB0054000E0002505480570024637213046D4
S31508013BC0F0F77EFF2846BDE8F081000000070020D7
S31508013BD02DE9F04106460C4600250027A8466078DF
S31508013BE0217800EB01206179227901EB02218842D3
S31508013BF03CDB6078217800EB012700233A4640F246
S31508013C0034414FF4006001F0ADFA0546E078A17839
S31508013C1000EB012700233A4640F289414FF4006040
S31508013C2001F0A0FA05406078217800EB012061795E
S31508013C30227901EB0221471A00233A4640F28A41CA
S31508013C404FF4006001F08EFA0540E079A17900EBA6
S31508013C50012700233A4640F28B414FF4006001F0F8
S31508013C6081FA054007F0BAF9054000E00025054844
S31508013C700570024638213046F0F722FF2846BDE88E
S31508013C80F0810000000700202DE9F04106460C46A8
S31508013C9000250027A8466078217800EB0120617984
S31508013CA0227901EB022188423CDB6078217800EB1E
S31508013CB0012700233A4640F23B414FF4006001F0E8
S31508013CC051FA0546E078A17800EB012700233A4628
S31508013CD040F294414FF4006001F044FA05406078DF
S31508013CE0217800EB01206179227901EB0221471A3B
S31508013CF000233A4640F295414FF4006001F032FA4A
S31508013D000540E079A17900EB012700233A4640F204
S31508013D1096414FF4006001F025FA054007F05EF977
S31508013D20054000E000250548057002463921304660
S31508013D30F0F7C6FE2846BDE8F0810000000700201E
S31508013D402DE9F04106460C4600250027A84660786D
S31508013D50217800EB01206179227901EB0221884261
S31508013D603CDC6078217800EB012700233A4640F2D3
S31508013D703C414FF4006001F0F5F90546E078A17879
S31508013D8000EB012700233A4640F297414FF40060C1
S31508013D9001F0E8F905406079217900EB01206178A5
S31508013DA0227801EB0221471A00233A464FF4936120
S31508013DB04FF4006001F0D6F90540E079A17900EBEE
S31508013DC0012700233A4640F299414FF4006001F079
S31508013DD0C9F9054007F002F9054000E00025054844
S31508013DE0057002463A213046F0F76AFE2846BDE8D4
S31508013DF0F0810000000700202DE9F04106460C4637
S31508013E0000250027A8466078217800EB01270023C2
S31508013E103A4640F23A414FF4006001F0A3F90546EB
S31508013E20E078A17800EB012700233A4640F2934156
S31508013E304FF4006001F096F905406079217900EBAD
S31508013E40012700233A4640F239414FF4006001F058
S31508013E5089F90540E079A17900EB012700233A4663
S31508013E6040F292414FF4006001F07CF9054007F0F9
S31508013E70B5F805400448057002463B213046F0F77F
S31508013E801FFE2846BDE8F081000700202DE9F04114
S31508013E9006460C46002500272078217988420BDC46
S31508013EA02078A178884207DBA078A179884203DCCB
S31508013EB02079A179884201DA00255FE02778002375
S31508013EC03A464FF488614FF4006001F04BF9607887
S31508013ED000EB8000470000233A4640F2A3414FF425
S31508013EE0006001F03FF92078A178471A00233A4685
S31508013EF040F2A4414FF4006001F034F9E07800EB98
S31508013F008000470000233A4640F2A5414FF400607D
S31508013F1001F028F90546277900233A4640F23E4141
S31508013F204FF4006001F01EF90540607900EB80004E
S31508013F30470000233A4640F29D414FF4006001F0E4
S31508013F4011F905402079A179471A00233A4640F22A
S31508013F509E414FF4006001F005F90540E07900EB58
S31508013F608000470000233A4640F29F414FF4006023
S31508013F7001F0F8F8054007F031F8054004480570E6
S31508013F8002463C213046F0F79BFD2846BDE8F08104
S31508013F90000700202DE9F04106460C4600250027BA
S31508013FA02078217988420BDB2078A178884207DCC2
S31508013FB0A078A179884203DB2079A179884201DDBD
S31508013FC000255FE0277800233A4640F241414FF445
S31508013FD0006001F0C7F8607800EB80004700002315
S31508013FE03A4640F2A6414FF4006001F0BBF8A078CA
S31508013FF02178471A00233A4640F2A7414FF4006058
S3150801400001F0B0F8E07800EB8000470000233A465B
S315080140104FF495614FF4006001F0A4F8054627793D
S3150801402000233A4640F23F414FF4006001F09AF806
S315080140300540607900EB8000470000233A464FF4BB
S3150801404094614FF4006001F08DF80540A07921795B
S31508014050471A00233A4640F2A1414FF4006001F0A5
S3150801406081F80540E07900EB8000470000233A46D5
S3150801407040F2A2414FF4006001F074F8054006F0E1
S31508014080ADFF05400448057002463D213046F0F76C
S3150801409017FD2846BDE8F081000700202DE9F0410B
S315080140A006460C4600250027A8466078217800EBCD
S315080140B001206179227901EB022188423CDB607893
S315080140C0217800EB012700233A4640F235414FF4A7
S315080140D0006001F047F80546E078A17800EB012772
S315080140E000233A4640F28C414FF4006001F03AF859
S315080140F005406078217800EB01206179227901EB8E
S315080141000221471A00233A4640F28D414FF40060D6
S3150801411001F028F80540E079A17900EB0127002391
S315080141203A4640F28E414FF4006001F01BF8054013
S3150801413006F054FF054000E00025054805700246D3
S315080141403E213046F0F7BCFC2846BDE8F081000068
S31508014150000700202DE9F04106460C4600250027F8
S31508014160A8466078217800EB01206179227901EB74
S31508014170022188423CDC6078217800EB0127002384
S315080141803A4640F236414FF4006000F0EBFF05462F
S31508014190E078A17800EB012700233A4640F28F41E7
S315080141A04FF4006000F0DEFF05406079217900EBED
S315080141B001206178227801EB0221471A00233A4649
S315080141C04FF492614FF4006000F0CCFF0540E079AE
S315080141D0A17900EB012700233A4640F291414FF4B9
S315080141E0006000F0BFFF054006F0F8FE054000E05C
S315080141F000250548057002463F213046F0F760FC68
S315080142002846BDE8F0810000000700202DE9F041AD
S3150801421006460C4600250027A8466078217800EB5B
S3150801422001206179227901EB022188423CDB607821
S31508014230217800EB012700233A4640F23D414FF42D
S31508014240006000F08FFF0546E078A17800EB0127B2
S3150801425000233A4640F29A414FF4006000F082FF8B
S3150801426005406078217800EB01206179227901EB1C
S315080142700221471A00233A4640F29B414FF4006057
S3150801428000F070FF0540E079A17900EB01270023D2
S315080142903A4640F29C414FF4006000F063FF054046
S315080142A006F09CFE054000E000250548057002461B
S315080142B040213046F0F704FC2846BDE8F0810000AD
S315080142C0000700202DE9F04106460C460025002787
S315080142D0A8466078217800EB01206179227901EB03
S315080142E0022188423CDB6078217800EB0127002314
S315080142F03A4640F242414FF4006000F033FF05466A
S31508014300E078A17800EB012700233A4640F2A9415B
S315080143104FF4006000F026FF05406078217800EB35
S3150801432001206179227901EB0221471A00233A46D5
S3150801433040F2AA414FF4006000F014FF0540E0790D
S31508014340A17900EB012700233A4640F2AB414FF42D
S31508014350006000F007FF054006F040FE054000E05A
S31508014360002505480570024641213046F0F7A8FBAD
S315080143702846BDE8F0810000000700202DE9F0413C
S3150801438006460C4600250027A8466078217800EBEA
S3150801439001206179227901EB022188423CDB6078B0
S315080143A0217800EB012700233A4640F264414FF495
S315080143B0006000F0D7FE0546E078A17800EB0127FA
S315080143C000233A4640F2B4414FF4006000F0CAFEB9
S315080143D005406078217800EB01206179227901EBAB
S315080143E00221471A00233A4640F2B5414FF40060CC
S315080143F000F0B8FE0540E079A17900EB012700231A
S315080144003A4640F2B6414FF4006000F0ABFE054073
S3150801441006F0E4FD054000E0002505480570024662
S3150801442042213046F0F74CFB2846BDE8F0810000F2
S31508014430000700202DE9F04106460C460025002715
S31508014440A8466078217800EB01206179227901EB91
S31508014450022188423CDC6078217800EB01270023A1
S315080144603A4640F265414FF4006000F07BFE05468E
S31508014470E078A17800EB012700233A4640F2B741DC
S315080144804FF4006000F06EFE05406079217900EB7B
S3150801449001206178227801EB0221471A00233A4666
S315080144A04FF497614FF4006000F05CFE0540E07937
S315080144B0A17900EB012700233A4640F2B9414FF4AE
S315080144C0006000F04FFE054006F088FD054000E05B
S315080144D0002505480570024643213046F0F7F0FAF3
S315080144E02846BDE8F0810000000700202DE9F041CB
S315080144F006460C4600250027A8466078217800EB79
S31508014500012700233A4640F263414FF4006000F068
S3150801451029FE0546E078A17800EB012700233A46F3
S3150801452040F2B3414FF4006000F01CFE054060798B
S31508014530217900EB012700233A4640F262414FF404
S31508014540006000F00FFE0540E079A17900EB012734
S3150801455000233A4640F2B2414FF4006000F002FEF1
S31508014560054006F03BFD0540044805700246442116
S315080145703046F0F7A5FA2846BDE8F0810007002085
S315080145802DE9F04106460C460025002720782179B9
S3150801459088420BDC2078A178884207DBA078A179CC
S315080145A0884203DC2079A179884201DA00255FE097
S315080145B0277800233A4640F269414FF4006000F03B
S315080145C0D1FD607800EB8000470000233A4640F2AF
S315080145D0C3414FF4006000F0C5FD2078A178471A61
S315080145E000233A4640F2C4414FF4006000F0BAFD98
S315080145F0E07800EB8000470000233A4640F2C541C7
S315080146004FF4006000F0AEFD0546277900233A46CF
S3150801461040F267414FF4006000F0A4FD054060795F
S3150801462000EB8000470000233A4640F2BD414FF4B3
S31508014630006000F097FD05402079A179471A00230B
S315080146403A4640F2BE414FF4006000F08BFD05404A
S31508014650E07900EB8000470000233A4640F2BF416B
S315080146604FF4006000F07EFD054006F0B7FC0540FA
S3150801467004480570024645213046F0F721FA2846D6
S31508014680BDE8F081000700202DE9F04106460C46F9
S31508014690002500272078217988420BDB2078A1782C
S315080146A0884207DCA078A179884203DB2079A179C1
S315080146B0884201DD00255FE0277800233A4640F26B
S315080146C06A414FF4006000F04DFD607800EB800010
S315080146D0470000233A4640F2C6414FF4006000F015
S315080146E041FDA0782178471A00233A4640F2C7418E
S315080146F04FF4006000F036FDE07800EB80004700DB
S3150801470000233A464FF499614FF4006000F02AFD00
S315080147100546277900233A464FF48D614FF4006028
S3150801472000F020FD0540607900EB8000470000237A
S315080147303A464FF498614FF4006000F013FD0540C6
S31508014740A0792179471A00233A4640F2C1414FF42C
S31508014750006000F007FD0540E07900EB80004700A6
S3150801476000233A4640F2C2414FF4006000F0FAFCD9
S31508014770054006F033FC054004480570024646210B
S315080147803046F0F79DF92846BDE8F081000700207C
S315080147902DE9F04106460C4600250027A846607813
S315080147A0217800EB01206179227901EB0221884207
S315080147B03CDB6078217800EB012700233A4640F27A
S315080147C05E414FF4006000F0CDFC0546E078A17823
S315080147D000EB012700233A4640F2AC414FF4006052
S315080147E000F0C0FC05406078217800EB0120617972
S315080147F0227901EB0221471A00233A4640F2AD41DC
S315080148004FF4006000F0AEFC0540E079A17900EBB9
S31508014810012700233A4640F2AE414FF4006000F00A
S31508014820A1FC054006F0DAFB054000E00025054835
S315080148300570024647213046F0F742F92846BDE899
S31508014840F0810000000700202DE9F04106460C46DC
S3150801485000250027A8466078217800EB01206179B8
S31508014860227901EB022188423CDC6078217800EB51
S31508014870012700233A4640F25F414FF4006000F0F9
S3150801488071FC0546E078A17800EB012700233A463A
S3150801489040F2AF414FF4006000F064FC05406079D6
S315080148A0217900EB01206178227801EB0221471A70
S315080148B000233A464FF496614FF4006000F052FC2B
S315080148C00540E079A17900EB012700233A4640F239
S315080148D0B1414FF4006000F045FC054006F07EFB4F
S315080148E0054000E000250548057002464821304686
S315080148F0F0F7E6F82846BDE8F08100000007002039
S315080149002DE9F04106460C4600250027A8466078A1
S31508014910217800EB01206179227901EB0221884295
S315080149203CDB6078217800EB012700233A4640F208
S3150801493066414FF4006000F015FC0546E078A17861
S3150801494000EB012700233A4640F2BA414FF40060D2
S3150801495000F008FC05406078217800EB01206179B8
S31508014960227901EB0221471A00233A4640F2BB415C
S315080149704FF4006000F0F6FB0540E079A17900EB01
S31508014980012700233A4640F2BC414FF4006000F08B
S31508014990E9FB054006F022FB054000E00025054835
S315080149A00570024649213046F0F78AF82846BDE8DF
S315080149B0F0810000000700202DE9F04106460C466B
S315080149C000250027A8466078217800EB0120617947
S315080149D0227901EB022188423CDB6078217800EBE1
S315080149E0012700233A4640F26B414FF4006000F07C
S315080149F0B9FB0546E078A17800EB012700233A4682
S31508014A0040F2C9414FF4006000F0ACFB0540607804
S31508014A10217800EB01206179227901EB0221471AFD
S31508014A2000233A4640F2CA414FF4006000F09AFB6F
S31508014A300540E079A17900EB012700233A4640F2C7
S31508014A40CB414FF4006000F08DFB054006F0C6FA35
S31508014A50054000E000250548057002464A21304612
S31508014A60F0F72EF82846BDE8F0810000000700207F
S31508014A702DE9F04106460C4600250027A846207870
S31508014A800A2838DC2078012835DBA078617800EB24
S31508014A9001272078401E00EB400000F2CC4100239C
S31508014AA03A464FF4006000F05DFB05462079E1784F
S31508014AB000EB01272078401E00EB400000F2CD41B3
S31508014AC000233A464FF4006000F04CFB0540A079FC
S31508014AD0617900EB01272078401E00EB400000F2C7
S31508014AE0CE4100233A464FF4006000F03BFB0540F7
S31508014AF006F074FA05400548057002464B21304612
S31508014B00EFF7DEFF2846BDE8F08100000007002028
S31508014B1070B505460E460024044804700246D021A5
S31508014B202846EFF7CDFF204670BD0000000700209C
S31508014B3070B504460E4600250120044908700A4648
S31508014B40D1212046EFF7BCFF284670BD000700209B
S31508014B5070B504460E4600250120044908700A4628
S31508014B60D2212046EFF7ACFF284670BD000700208A
S31508014B7070B504460E46002547F230510120F1F77B
S31508014B8099FB20B1012007490870012503E000209F
S31508014B90044908700025034AD3212046EFF790FF00
S31508014BA0284670BD000700202DE9F04106460C464F
S31508014BB0002500276078217800EB0127A0780128D5
S31508014BC008D147F23051F1F775FB08B101251CE010
S31508014BD000251AE0A078022807D13946F1F76AFBC1
S31508014BE008B1012511E000250FE0A07803280CD1B2
S31508014BF03946F1F75FFB20B1012009490870012503
S31508014C0003E000200649087000250548057002469C
S31508014C10D4213046EFF754FF2846BDE8F08100005D
S31508014C20000700202DE9F04105460C46002600271D
S31508014C306078217800EB012739460320F1F73AFB22
S31508014C4020B1012007490870012603E00020054923
S31508014C5008700026034AD5212846EFF731FF30466A
S31508014C60BDE8F0810007002070B505460C46002610
S31508014C7001201A490870002019490870207830B1B6
S31508014C800120F9F79DFA0120F9F7A4FA05E00020B9
S31508014C90F9F796FA0020F9F79DFA20781149087074
S31508014CA01148007800F0010010B10120087102E0F6
S31508014CB000200C4908710C48007800F0020018B170
S31508014CC001200849487102E0002006494871054A51
S31508014CD0D6212846EFF7F4FE304670BD440700207A
S31508014CE045070020000700205600002070B505463C
S31508014CF00C46002620780A4908706078012802D1F6
S31508014D00F0F768FB02E00020F0F764FB0120054993
S31508014D1008700A46D7212846EFF7D2FE304670BDFD
S31508014D20310600200007002070B504460E4600250E
S31508014D301A480078A04201D018480470F8F754FCC4
S31508014D4020B117480078401C15490870F8F788FC07
S31508014D5014490870F8F792FC124948702CB91048A2
S31508014D60007888700020C8700CE0012C06D100205C
S31508014D700C4988700A480078C87003E00020094980
S31508014D808870C870F8F73CFC064908710A46D821AC
S31508014D902046EFF795FE284670BD00004E07002015
S31508014DA01F0000200007002070B506460C460025A6
S31508014DB02078012808D10023AA2240F2F671C00200
S31508014DC000F0D0F901250AE0207840B900235522E0
S31508014DD040F2F6714FF4006000F0C4F9002504486A
S31508014DE005700246D9213046EFF76AFE284670BD9E
S31508014DF00007002070B506460C46002520780128D4
S31508014E0008D10023AA2240F2F571C00200F0AAF9DE
S31508014E1001250AE0207840B90023552240F2F571B0
S31508014E204FF4006000F09EF900250448057002461B
S31508014E30DA213046EFF744FE284670BD0007002008
S31508014E4070B505460E460024002355224FF48961A4
S31508014E504FF4006000F086F9F9F720FD0448047064
S31508014E600246DB212846EFF72BFE204670BD0000DF
S31508014E7000070020F8B504460E46002500200090DC
S31508014E8000236A464FF4FF614FF40060F7F744FECA
S31508014E900449009808700A46DC212046EFF710FEFF
S31508014EA02846F8BD0007002070B505460C460026C1
S31508014EB02078012808D100200B49088001200B49D8
S31508014EC008700B49087008E04FF416700649088007
S31508014ED000200649087006490870054ADD2128465A
S31508014EE0EFF7EEFD304670BD480700204607002063
S31508014EF000070020F8B505460C4600262078A528A7
S31508014F000ED160785A280BD100236A464FF49E6168
S31508014F104FF40060F7F700FE14490098887019E00D
S31508014F2020785A2816D16078A52813D1A2780023AB
S31508014F304FF49E614FF4006000F014F90646002311
S31508014F406A464FF49E614FF40060F7F7E5FD07499D
S31508014F5000988870207805490870607848700A4674
S31508014F60E0212846EFF7ACFD3046F8BD00070020E2
S31508014F70F8B505460C4600262078A5280ED1607896
S31508014F805A280BD100236A4640F2EF414FF40060DC
S31508014F90F7F7C2FD14490098887019E020785A2855
S31508014FA016D16078A52813D1A278002340F2EF41E3
S31508014FB04FF4006000F0D6F8064600236A4640F230
S31508014FC0EF414FF40060F7F7A7FD0749009888708D
S31508014FD0207805490870607848700A46E121284614
S31508014FE0EFF76EFD3046F8BD00070020F8B5054617
S31508014FF00C4600262078A5280ED160785A280BD1B0
S3150801500000236A4640F2F1414FF40060F7F784FD48
S3150801501014490098887019E020785A2816D16078C2
S31508015020A52813D1A278002340F2F1414FF400607C
S3150801503000F098F8064600236A4640F2F1414FF41B
S315080150400060F7F769FD07490098887020780549D7
S315080150500870607848700A46E2212846EFF730FD65
S315080150603046F8BD000700202DE9FC4105460C46EF
S31508015070002600200090019000272078ADF8000056
S3150801508060788DF80200A0788DF80300E0788DF835
S31508015090040020798DF8050060798DF806006846C8
S315080150A0F9F70AF80646FBF739F9074908600020B7
S315080150B006490860064806700246E3212846EFF7C6
S315080150C0FFFC0120BDE8FC81740000207800002067
S315080150D00007002070B505460C4600262078A5284D
S315080150E003D10A4804F0FAFD05E020785A2802D1CE
S315080150F0601C06F099F920780449491E08700A4689
S31508015100E4212846EFF7DCFC304670BD0107002094
S31508015110F8B505460C4600262078A5280AD10023AD
S315080151206A4640F2FE71881CF7F7F6FC0C490098AE
S3150801513048700AE020785A2807D16278002340F29D
S31508015140FE71881C00F00EF806462078044908709E
S315080151500A46E5212846EFF7B3FC3046F8BD0000BC
S31508015160000700202DE9F04707460C4615461E465E
S315080151704FF00008C146C246B7F5806F05D10EB19A
S31508015180012E02DD0020BDE8F087B7F5806F7BD0E0
S31508015190B7F5006F79D1B4F57A7F3DD340F2F54082
S315080151A0844239D2A4F57A7000EB4000914901EBAB
S315080151B0C000D0F80880A4F57A7000EB400001EB36
S315080151C0C00040698044A4F57A7000EB400001EB09
S315080151D0C000D0F80C90A4F57A7000EB400001EB02
S315080151E0C00040698144454501DC4D4501DA00208E
S315080151F0C9E7A4F57A70804951F82000A84209D078
S31508015200A4F57A7041F82050A0B203F06BFED0BB2A
S315080152100020B8E70120B6E7B4F5FA6F09D340F2E2
S31508015220FF70844205D2A4F5FA60744941F820500A
S315080152303BE040F6B830844228D340F60A4084421F
S3150801524024D2A4F6B8306E4941F820506D4951F878
S3150801525020106B4A52F82000814226D0A4F6B830B5
S31508015260114651F82010674A42F8201000222146BB
S315080152704FF4006004F00CFB8246E9B20023524663
S315080152802046EFF789FB10E010E0ADE0B4F57A6F40
S3150801529009D340F6C570844205D8A4F57A605A49FF
S315080152A041F8205001E000206DE79FE0B4F5FA7F50
S315080152B02DD3B4F5FD7F2AD2A4F5FA7000EB400090
S315080152C0524901EBC0008068A84208DBA4F5FA70D0
S315080152D000EB400001EBC000C068A84201DD0020D8
S315080152E051E706EB46004A4901EBC001A4F5FA70FD
S315080152F051F82000A84276D0701E00EB40004449C0
S3150801530001EBC001A4F5FA7041F820506BE000BF2B
S31508015310502C0BD8701E00EB001101EB80103D4993
S3150801532001EB8000214640F821505CE0B4F5487F46
S3150801533045D340F23130844241D8701E00EBC0009B
S31508015340354901EBC001A4F5487041F82050701E9B
S3150801535000EBC000314901EBC001A4F5487051F8D2
S315080153602010701E00EBC0002B4A02EBC002A4F508
S31508015370487052F82000814235D0701E00EBC000FB
S31508015380254901EBC001A4F5487051F82010701E9B
S3150801539000EBC000214A02EBC002A4F5487042F8AE
S315080153A02010324621464FF4806004F071FA824695
S315080153B0E9B2334652462046EFF7EEFA13E0B4F562
S315080153C0617F0ED340F28A3084420AD8701EC0EB40
S315080153D0C000134901EB8001A4F5617041F8205022
S315080153E001E00020CFE601E00020CCE600BF012065
S315080153F0C9E60000C0CF01086C110020A0150020E5
S315080154005C1600203C180020A417002080EB010838
S31508015410881900204C1A0020A0190020041A00201F
S31508015420E819002010B500F001F810BD0CB50020F0
S31508015430019000903348006840F480303149086093
S3150801544000BF3048006800F4003000900198401C05
S315080154500190009818B90198B0F5A06FF1D12948C3
S31508015460006800F4003010B10120009001E000202E
S3150801547000900098012843D12348006840F01000A5
S31508015480214908600846006820F0030008600846BC
S31508015490006840F0020008601A48406819494860E7
S315080154A00846406848600846406840F4806048609D
S315080154B00846406820F47C1048600846406840F475
S315080154C0E81048600846006840F08070086000BF30
S315080154D00C48006800F000700028F9D009484068B7
S315080154E020F00300074948600846406840F002007A
S315080154F0486000BF0348406800F00C000828F9D14D
S315080155000CBD000000100240002002402DE9F041C8
S3150801551007460D461646002414E00D4810F83400D7
S31508015520A8420DD10A4800EBC4004078012807D1EA
S31508015530074800EBC400314642683846904703E005
S31508015540601CC4B2342CE8DB00BF0120BDE8F08141
S3150801555038BC01082DE9F04107460D4616460024D8
S3150801556014E00D4810F83400A8420DD10A4800EBA2
S31508015570C4004078012807D1074800EBC40031462A
S3150801558042683846904703E0601CC4B2142CE8DB35
S3150801559000BF0120BDE8F081E8BF010830B5054626
S315080155A00C460C48F7F746FD0346202B10DA094846
S315080155B040F8234000F5807040F82350803840F8C1
S315080155C0234005480078401C03490870184630BD39
S315080155D0FF20FCE7382300201808002070B5044690
S315080155E00025002322464FF47F714FF40060FFF730
S315080155F0B9FD012814D10023224640F2E971C002FF
S31508015600FFF7B0FD0748006860434FF47A71B0FBB5
S31508015610F1F0054908600846006804490860012553
S31508015620284670BD8C07002088070020A4070020A3
S3150801563038B500240025002000903A480088401C0F
S3150801564038490880384800684FF4B47190FBF1F086
S31508015650364909680844354908600846006800283B
S3150801566001DA00200860304800684FF4B47190FBF5
S31508015670F1F201FB12002C4908602C4800682C49FC
S315080156800968441A002C00DA644204EB4400C0EBB2
S31508015690C41028490968B1EBC00F37DA23480068F6
S315080156A04FF47A7148432349096890FBF1F5B5F53A
S315080156B07A7F07DA00232A4640F2E9714FF400603F
S315080156C0FFF750FD194800681949086000236A4622
S315080156D04FF47F714FF40060F7F71EFA0098441BE8
S315080156E0002C00DA64420A2C05DC0E4800881E28C4
S315080156F00CDD012C0ADB00232A464FF47F714FF497
S315080157000060FFF72FFD00200649088000236A463E
S3150801571040F2E9714FF40060F7F7FEF9009805F0D9
S31508015720DBFD38BDC2070020980700208807002046
S31508015730A40700208C07002038B50024002000901B
S3150801574000BFFCE304EB8400FC4901EB80008068A0
S31508015750A0F2274045287AD2DFE810F04500E2009A
S31508015760790079007E01B701F2018E0204052A0348
S31508015770C6033E06A00566047A001601790079007B
S315080157809101CA012602C20238055E03FE037206AA
S31508015790D4059C04790079007900790079007900AB
S315080157A07900790079007900790079007900790022
S315080157B07900790079007900790079007900790012
S315080157C079007900790079007900AE004A017900FB
S315080157D07900A401DD015A02F6026C05920332042E
S315080157E0A6060A06D00400236A4640F26C414FF425
S315080157F00060F7F791F90A21009890FBF1F004EBA4
S315080158008401CE4A02EB8101888100236A4640F26F
S315080158106E414FF40060F7F77FF90A21009890FB73
S31508015820F1F004EB8401C54A02EB8101C88100232A
S315080158306A4640F26D414FF40060F7F76DF904EBE3
S315080158408401BE4A02EB81010098088213E2FDE356
S3150801585000236A4640F28C414FF40060F7F75CF981
S315080158600A21009890FBF1F004EB8401B34A02EB9C
S315080158708101888100236A4640F28E414FF4006017
S31508015880F7F74AF90A21009890FBF1F004EB840135
S31508015890AA4A02EB8101C88100236A4640F28D417A
S315080158A04FF40060F7F738F904EB8401A34A02EBD9
S315080158B0810100980882C9E700236A4640F2AC4193
S315080158C04FF40060F7F728F90A21009890FBF1F0E8
S315080158D004EB8401994A02EB8101888100236A4617
S315080158E040F2AE414FF40060F7F716F90A21009825
S315080158F090FBF1F004EB8401904A02EB8101C88127
S3150801590000236A4640F2AD414FF40060F7F704F907
S3150801591004EB8401894A02EB81010098088295E724
S3150801592000236A4640F26F414FF40060F7F7F4F836
S315080159300A21009890FBF1F004EB84017F4A02EBFF
S315080159408101888100236A4640F271414FF4006063
S31508015950F7F7E2F80A21009890FBF1F004EB8401CD
S31508015960764A02EB8101C88100236A464FF48E61AB
S315080159704FF40060F7F7D0F804EB84016F4A02EBA5
S3150801598081010098088261E700236A4640F28F4147
S315080159904FF40060F7F7C0F80A21009890FBF1F080
S315080159A004EB8401654A02EB8101888100236A467A
S315080159B040F291414FF40060F7F7AEF80A210098DA
S315080159C090FBF1F004EB84015C4A02EB8101C8818A
S315080159D000236A464FF492614FF40060F7F79CF88A
S315080159E004EB8401554A02EB8101009808822DE7F0
S315080159F000236A4640F2AF414FF40060F7F78CF88E
S31508015A000A21009890FBF1F004EB84014B4A02EB62
S31508015A108101888100236A4640F2B1414FF4006052
S31508015A20F7F77AF80A21009890FBF1F004EB840164
S31508015A30424A02EB8101C88100236A464FF4966106
S31508015A404FF40060F7F768F804EB84013B4A02EB70
S31508015A50810100980882F9E600236A4640F27241FC
S31508015A604FF40060F7F758F80A21009890FBF1F017
S31508015A7004EB8401314A02EB81018881E6E60023C1
S31508015A806A4640F292414FF40060F7F745F80A2159
S31508015A90009890FBF1F004EB8401284A02EB81019E
S31508015AA08881D3E600236A4640F2B2414FF400608A
S31508015AB0F7F732F80A21009890FBF1F004EB84011C
S31508015AC01E4A02EB81018881C0E600236A4640F23C
S31508015AD073414FF40060F7F71FF80A21009890FB0D
S31508015AE0F1F004EB8401154A02EB81018881ADE6E8
S31508015AF000236A4640F293414FF40060F7F70CF829
S31508015B000A21009890FBF1F004EB84010B4A02EBA1
S31508015B10810188819AE600236A4640F2B3414FF42F
S31508015B200060F6F7F9FF0A21009890FBF1F004EB03
S31508015B308401024A02EB8101888187E6A8000020D8
S31508015B4000236A4640F274414FF40060F6F7E4FF19
S31508015B500A21009890FBF1F004EB8401FD4A02EB5F
S31508015B608101888100236A4640F276414FF400603C
S31508015B70F6F7D2FF0A21009890FBF1F004EB8401B5
S31508015B80F44A02EB8101C88100236A4640F2754155
S31508015B904FF40060F6F7C0FF04EB8401ED4A02EB0F
S31508015BA081010098088251E600236A4640F2944131
S31508015BB04FF40060F6F7B0FF0A21009890FBF1F068
S31508015BC004EB8401E34A02EB8101888100236A46DA
S31508015BD040F296414FF40060F6F79EFF0A210098BD
S31508015BE090FBF1F004EB8401DA4A02EB8101C881EA
S31508015BF000236A4640F295414FF40060F6F78CFFA0
S31508015C0004EB8401D34A02EB8101009808821DE660
S31508015C1000236A4640F2B4414FF40060F6F77CFF70
S31508015C200A21009890FBF1F004EB8401C94A02EBC2
S31508015C308101888100236A4640F2B6414FF400602B
S31508015C40F6F76AFF0A21009890FBF1F004EB84014C
S31508015C50C04A02EB8101C88100236A4640F2B54178
S31508015C604FF40060F6F758FF04EB8401B94A02EBDA
S31508015C708101009808820CE200236A4640F27741C6
S31508015C804FF40060F6F748FF0A21009890FBF1F0FF
S31508015C9004EB8401AF4A02EB8101888100236A463D
S31508015CA040F279414FF40060F6F736FF0A21009871
S31508015CB090FBF1F004EB8401A64A02EB8101C8814D
S31508015CC000236A464FF48F614FF40060F6F724FF0C
S31508015CD004EB84019F4A02EB810100980882D8E10E
S31508015CE000236A4640F297414FF40060F6F714FF25
S31508015CF00A21009890FBF1F004EB8401954A02EB26
S31508015D008101888100236A4640F299414FF4006077
S31508015D10F6F702FF0A21009890FBF1F004EB8401E3
S31508015D208C4A02EB8101C88100236A464FF49361CC
S31508015D304FF40060F6F7F0FE04EB8401854A02EBA6
S31508015D40810100980882E4E300236A4640F2B741DC
S31508015D504FF40060F6F7E0FE0A21009890FBF1F097
S31508015D6004EB84017B4A02EB8101888100236A46A0
S31508015D7040F2B9414FF40060F6F7CEFE0A210098C9
S31508015D8090FBF1F004EB8401724A02EB8101C881B0
S31508015D9000236A464FF497614FF40060F6F7BCFE9C
S31508015DA004EB84016B4A02EB810100980882B0E397
S31508015DB000236A4640F27D414FF40060F6F7ACFED7
S31508015DC00A21009890FBF1F004EB8401614A02EB89
S31508015DD08101888100236A4640F27F414FF40060C1
S31508015DE0F6F79AFE0A21009890FBF1F004EB84017C
S31508015DF0584A02EB8101C88100236A4640F27E4176
S31508015E004FF40060F6F788FE04EB8401514A02EB71
S31508015E108101009808827CE300236A4640F29D418D
S31508015E204FF40060F6F778FE0A21009890FBF1F02E
S31508015E3004EB8401474A02EB8101888100236A4603
S31508015E4040F29F414FF40060F6F766FE0A2100987A
S31508015E5090FBF1F004EB84013E4A02EB8101C88113
S31508015E6000236A4640F29E414FF40060F6F754FE5D
S31508015E7004EB8401374A02EB81010098088248E362
S31508015E8000236A4640F2BD414FF40060F6F744FE2E
S31508015E900A21009890FBF1F004EB84012D4A02EBEC
S31508015EA08101888100236A4640F2BF414FF40060B0
S31508015EB0F6F732FE0A21009890FBF1F004EB840113
S31508015EC0244A02EB8101C88100236A4640F2BE4199
S31508015ED04FF40060F6F720FE04EB84011D4A02EB3D
S31508015EE081010098088214E300236A464FF4906101
S31508015EF04FF40060F6F710FE0A21009890FBF1F0C6
S31508015F0004EB8401134A02EB8101888100236A4666
S31508015F1040F282414FF40060F6F7FEFD0A2100982F
S31508015F2090FBF1F004EB84010A4A02EB8101C88176
S31508015F3000236A4640F281414FF4006000E0EBE23B
S31508015F40F6F7EAFD04EB8401024A02EB81010098A7
S31508015F500882DEE2A800002000236A464FF4946115
S31508015F604FF40060F6F7D8FD0A21009890FBF1F08E
S31508015F7004EB8401FD4A02EB8101888100236A460C
S31508015F8040F2A2414FF40060F6F7C6FD0A210098D7
S31508015F9090FBF1F004EB8401F44A02EB8101C8811C
S31508015FA000236A4640F2A1414FF40060F6F7B4FDBA
S31508015FB004EB8401ED4A02EB810100980882A8E20C
S31508015FC000236A464FF498614FF40060F6F7A4FD82
S31508015FD00A21009890FBF1F004EB8401E34A02EBF5
S31508015FE08101888100236A4640F2C2414FF400606C
S31508015FF0F6F792FD0A21009890FBF1F004EB840173
S31508016000DA4A02EB8101C88100236A4640F2C1419E
S315080160104FF40060F6F780FD04EB8401D34A02EBE6
S3150801602081010098088274E200236A4640F2894198
S315080160304FF40060F6F770FD0A21009890FBF1F025
S3150801604004EB8401C94A02EB810100E060E2888120
S3150801605000236A4640F28B414FF40060F6F75CFD77
S315080160600A21009890FBF1F004EB8401BF4A02EB88
S315080160708101C88100236A4640F28A414FF40060D3
S31508016080F6F74AFD04EB8401B84A02EB8101009850
S3150801609008823EE200236A4640F2A9414FF40060B5
S315080160A0F6F73AFD0A21009890FBF1F004EB84011A
S315080160B0AE4A02EB8101888100236A4640F2AB4170
S315080160C04FF40060F6F728FD0A21009890FBF1F0DD
S315080160D004EB8401A54A02EB8101C88100236A46C3
S315080160E040F2AA414FF40060F6F716FD04EB84016D
S315080160F09E4A02EB8101009808820AE200236A4659
S3150801610040F2C9414FF40060F6F706FD0A210098EE
S3150801611090FBF1F004EB8401944A02EB810188813A
S3150801612000236A4640F2CB414FF40060F6F7F4FCCF
S315080161300A21009890FBF1F004EB84018B4A02EBEB
S315080161408101C88100236A4640F2CA414FF40060C2
S31508016150F6F7E2FC04EB8401844A02EB810100981C
S315080161600882D6E100236A4640F27A414FF400607C
S31508016170F6F7D2FC0A21009890FBF1F004EB8401B2
S315080161807A4A02EB8101888100236A4640F27C4102
S315080161904FF40060F6F7C0FC0A21009890FBF1F075
S315080161A004EB8401714A02EB8101C88100236A4626
S315080161B040F27B414FF40060F6F7AEFC04EB840134
S315080161C06A4A02EB810100980882A2E100236A4625
S315080161D040F29A414FF40060F6F79EFC0A210098B6
S315080161E090FBF1F004EB8401604A02EB810188819E
S315080161F000236A4640F29C414FF40060F6F78CFC96
S315080162000A21009890FBF1F004EB8401574A02EB4E
S315080162108101C88100236A4640F29B414FF4006020
S31508016220F6F77AFC04EB8401504A02EB81010098E7
S3150801623008826EE100236A4640F2BA414FF40060D3
S31508016240F6F76AFC0A21009890FBF1F004EB840149
S31508016250464A02EB8101888100236A4640F2BC4125
S315080162604FF40060F6F758FC0A21009890FBF1F00C
S3150801627004EB84013D4A02EB8101C88100236A4689
S3150801628040F2BB414FF40060F6F746FC04EB84018B
S31508016290364A02EB8101009808823AE100236A46F0
S315080162A040F286414FF40060F6F736FC0A21009861
S315080162B090FBF1F004EB84012C4A02EB8101888101
S315080162C000236A464FF491614FF40060F6F724FC07
S315080162D00A21009890FBF1F004EB8401234A02EBB2
S315080162E08101C88100236A4640F287414FF4006064
S315080162F0F6F712FC04EB84011C4A02EB81010098B3
S31508016300088206E100236A4640F2A6414FF400607E
S31508016310F6F702FC0A21009890FBF1F004EB8401E0
S31508016320124A02EB8101888100236A464FF495617E
S315080163304FF40060F6F7F0FB0A21009890FBF1F0A4
S3150801634004EB8401094A02EB8101C88100236A46EC
S3150801635040F2A7414FF40060F6F7DEFB04EB840137
S31508016360024A02EB810100980882D2E0A8000020C7
S3150801637000236A4640F2C6414FF40060F6F7CCFBAB
S315080163800A21009890FBF1F004EB8401644A02EBC0
S315080163908101888100236A464FF499614FF40060B0
S315080163A0F6F7BAFB0A21009890FBF1F004EB840199
S315080163B05B4A02EB8101C88100236A4640F2C74164
S315080163C04FF40060F6F7A8FB04EB8401544A02EB8C
S315080163D08101009808829CE000236A4640F28341C5
S315080163E04FF40060F6F798FB0A21009890FBF1F04C
S315080163F004EB84014A4A02EB8101888100236A463B
S3150801640040F285414FF40060F6F786FB0A210098B1
S3150801641090FBF1F004EB8401414A02EB8101C8814A
S3150801642000236A4640F284414FF40060F6F774FB94
S3150801643004EB84013A4A02EB81010098088268E07C
S3150801644000236A4640F2A3414FF40060F6F764FB65
S315080164500A21009890FBF1F004EB8401304A02EB23
S315080164608101888100236A4640F2A5414FF4006004
S31508016470F6F752FB0A21009890FBF1F004EB840130
S31508016480274A02EB8101C88100236A4640F2A441EA
S315080164904FF40060F6F740FB04EB8401204A02EB57
S315080164A081010098088234E000236A4640F2C3411C
S315080164B04FF40060F6F730FB0A21009890FBF1F0E3
S315080164C004EB8401164A02EB8101888100236A469E
S315080164D040F2C5414FF40060F6F71EFB0A21009809
S315080164E090FBF1F004EB84010D4A02EB8101C881AE
S315080164F000236A4640F2C4414FF40060F6F70CFBEC
S3150801650004EB8401064A02EB81010098088200E047
S3150801651000BF00BF601CC4B21C2CFFF413A938BD10
S31508016520A80000202DE9FC470024002500260027A5
S31508016530A046A146002001900090002301AA40F23E
S31508016540EF314FF40060F6F7E7FA00BF36E004F5DD
S315080165507C7100236A464FF40060F6F7DDFA00986D
S3150801656040441FFA80F8002507E0244901EB04118D
S315080165704E55701C86B2681C85B200988542F4DBBC
S3150801658004F2F33100236A464FF40060F6F7C4FAC1
S31508016590009848441FFA80F900250AE004EB4402F2
S315080165A01648303000EB42004755781C87B2681C04
S315080165B085B200988542F1DB601C84B20198844259
S315080165C0C5DB0023424640F2D6714FF40060FEF760
S315080165D0C9FD00234A4640F2D7714FF40060FEF721
S315080165E0C1FD0023064A40F259414FF40060F6F70F
S315080165F093FAFFF7A1F8BDE8FC870000CE1000204A
S31508016600FC07002008B50020009072480078002891
S3150801661031D00120704908706E480078401E6D49D6
S3150801662008700846007810BB6C480078401C6B4916
S3150801663008706B480078097888420ED10120F7F76F
S3150801664093FD0020F7F7D2FD0A20624908704FF43E
S31508016650FA616448F1F71EFB09E060480078604971
S315080166600978884203DD5E4800785C490870002095
S315080166705D49087008BD00236A4640F2D3714FF49C
S315080166800060F6F749FAF6F7DFFF012805D0F6F7B5
S31508016690C3FF10B10098012817D153480178007833
S315080166A0401C514A1070142912DD00204B4908700C
S315080166B0114608704849087000231A464FF47C6150
S315080166C04FF40060FEF74EFD02E0002046490870CF
S315080166D04648007830B9F6F7B7FF18B9012043499B
S315080166E0087006E041480078012802D002203F4997
S315080166F00870F6F7C5FB10B93D48007858B13B4814
S315080167000078012807D03B480078012803D03A4889
S315080167100078012821D10120F7F726FD0120F7F796
S3150801672065FD36480078401C3449087008460078EB
S3150801673004282FDB0020F7F717FD00202F490870E2
S3150801674001202B4908700220284908700020294990
S3150801675008700220284908701CE0F6F791FB012809
S315080167600FD12348007801280BD10020F7F73EFD09
S315080167700020F7F7F9FC0020204908701C49087029
S3150801678008E00020F7F732FD0020F7F7EDFC0020BE
S315080167901A49087000236A4640F2F5714FF4006001
S315080167A0F6F7BAF9F6F76CFB10B90098552807D130
S315080167B00023012240F6C271D002FEF7D3FC07E09E
S315080167C000231A4640F6C2714FF40060FEF7CAFC70
S315080167D000BF4FE79100002093000020920000209F
S315080167E08C000020450A01082C0000202100002009
S315080167F02A000020E8070020200000202B000020A6
S3150801680010B500F04DFA10BD10B500241848194905
S3150801681008601948F6F7E7FDF8F7DEF8F6F788FF96
S31508016820F7F7BEFEF9F75EFCF8F772F8F8F7C6F85F
S31508016830F8F742F9F0F742F810490870F6F710FE32
S3150801684002F04AF9F7F7DEFCF7F746FBF9F754FECB
S3150801685003F0FAF9F6F7B2FDF7F77AFD0648F6F707
S31508016860C2FD04F0C7FBF1F78DFB04F0ABFD10BDCB
S315080168700040000808ED00E0A0860100EC060020B3
S3150801688010B51348006840F0010011490860084630
S315080168904068104908400E494860084600680E4994
S315080168A008400B4908600846006820F48020086003
S315080168B00846406820F4FE0048604FF41F008860CF
S315080168C0FEF7B0FD4FF000600449086010BD0000F6
S315080168D0001002400000FFF8FFFFF6FE08ED00E099
S315080168E000211D4A116001211C4A11701C4A1170B0
S315080168F0002024E000211B4A42F8201000221949F1
S31508016900F03141F82020C03141F82020C03141F84A
S315080169102020A1F5D8710A541049091D41F82020F3
S31508016920C03141F82020C0310A54303141F82020C5
S31508016930C03141F82020C03141F82020401C3028C0
S31508016940D8D3002005E000220649F03141F820207D
S31508016950401C2028F7D370470C080020C01E0020D1
S31508016960B4220020901B002008B500200090FFF7F4
S31508016970D9FDFFF7B5FF00F099F9F8F711F9EFF727
S31508016980B3FBF6F71BFDFBF7C9F902F0E5FE65480F
S3150801699003F0F6F903F004FA01F075FC4FF47A7185
S315080169A06148FBF765FF64216048FBF761FF4FF417
S315080169B07A715F48FBF75CFF64215E48FBF758FF75
S315080169C064215D48FBF754FFC8215C48FBF750FF7B
S315080169D0C8215B48FBF74CFFC8215A48FBF748FF1B
S315080169E04FF4FA615848FBF743FF4FF47A71574859
S315080169F0FBF73EFFC8215648FBF73AFF4FF47A7179
S31508016A005448FBF735FF4FF4FA715348FBF730FF4B
S31508016A1064215248FBF72CFF4FF4FA715048FBF7F3
S31508016A2027FF64214F48FBF723FF02214E48FBF756
S31508016A301FFF08214D48FBF71BFF06214C48FBF7B2
S31508016A4017FF02214B48FBF713FF0A214A48FBF7B8
S31508016A500FFF0A214948FBF70BFF06214848FBF7B8
S31508016A6007FF4FF47A714748FBF702FF0A214648A8
S31508016A70FBF7FEFE06214548FBF7FAFE0A214448C4
S31508016A80FBF7F6FE06214348FBF7F2FE4248F0F70C
S31508016A9075F806214148FBF7EBFE06214048FBF74E
S31508016AA0E7FEC8213F48FBF7E3FEC8213E48FBF74E
S31508016AB0DFFEC8213D48FBF7DBFEC8213C48FBF752
S31508016AC0D7FE64213B48F1F7E5F84FF4FA613A48F5
S31508016AD0F1F7E0F840F6B8313848F1F7DBF832213A
S31508016AE03748FBF7C5FE00236A4640F2EC414FF4EE
S31508016AF00060F6F711F849F640410098884202D13C
S31508016B003C2030490860F9F709FC2F4908604FF421
S31508016B107A712E48FEF742FD0A212D48FEF73EFD01
S31508016B2008BD00009A080020615500082D5100088B
S31508016B3021DF0008C1E300080D0C010879090108E5
S31508016B40290B0108B908010851E30008A1520008F8
S31508016B50951901086DE700089D4600081D170108EB
S31508016B607DD40008A1D100089D6400086DEF0008D6
S31508016B704D640008DD270108A1F10008EDFF0008B2
S31508016B8081FF0008216F0008A9F8000855F80008D8
S31508016B90B55100085D510008CD9F0008759F000892
S31508016BA0E9690008B15E0008196700083FF50008A1
S31508016BB0499C0008C97C0008D97C0008057D0008A5
S31508016BC00566010870000020740000201D5E00089B
S31508016BD0B5F2000800202DE0184951F8201071B1CE
S31508016BE0164951F82010491E144A42F82010114638
S31508016BF051F8201019B901221049C0310A54104917
S31508016C0051F82010A9B10E4951F82010491E0C4A15
S31508016C1042F82010114651F8201051B902F1C0016D
S31508016C2051F82020C03941F82020012201F5C07110
S31508016C300A54401C3028CFD370470000901B00200F
S31508016C40C41E002010B5002420E0134850F8240083
S31508016C50D0B1114850F82400401E0F4941F82400CC
S31508016C60084650F8240078B901F5807050F82400D8
S31508016C7050B101F1800050F8240041F8240001F5D3
S31508016C80807151F824008047601CC4B2034800781B
S31508016C908442DADB10BD00003823002018080020E2
S31508016CA010B5FFF797FFFFF7CDFF10BD00200DE0E8
S31508016CB00021084A42F8201000220649803141F88D
S31508016CC02020803141F82020411CC8B22028EFDB62
S31508016CD0704700003823002010B586B000200590C3
S31508016CE00490039002900190002303AA40F2F271E6
S31508016CF04FF40060F5F710FF0398012828D1002307
S31508016D001A4640F2F271C002FEF72CFA002304AAD1
S31508016D1040F2FB314FF40060F5F7FEFE002305AAA9
S31508016D2040F2FA314FF40060F5F7F6FE434904984C
S31508016D300860434904980860424904980860424932
S31508016D400598086041490598086041490598086011
S31508016D503E4800684FF4B47190FBF1F03A4909686E
S31508016D60084439490860394800684FF4B47190FB02
S31508016D70F1F201FB120035490860314800684FF409
S31508016D80B47190FBF1F02D49096808442B49086054
S31508016D902B4800684FF4B47190FBF1F201FB120025
S31508016DA0274908602848006829490968401AB0F542
S31508016DB07A7F0DDD244804680023224640F2FA3121
S31508016DC04FF40060FEF7CEF91F48006820490860B5
S31508016DD01A4800681B490968401AB0F57A7F0DDD23
S31508016DE0164804680023224640F2FB314FF400603E
S31508016DF0FEF7B8F91148006812490860002302AA8B
S31508016E0040F2FA314FF40060F5F786FE002301AA35
S31508016E1040F2F6314FF40060F5F77EFEDDE9011028
S31508016E2090FBF1F00290002340F2FE314FF400602E
S31508016E30029AFEF797F906B010BD000094070020E4
S31508016E40AC070020A007002090070020A807002013
S31508016E509C0700201CB500200190009000236A467B
S31508016E6040F2D3714FF40060F5F756FE00243CE07A
S31508016E701F4800EBC400002301AA41684FF40060D3
S31508016E80F5F74AFE019800282DDB194A12F8341045
S31508016E90019AD0B2F1F784FE0098012810D114485E
S31508016EA050F83400072804D0114850F8340008284F
S31508016EB019D10F4810F834100020F1F771FE12E0CD
S31508016EC0009802280FD10A4850F83400052804D042
S31508016ED0074850F83400062805D1054810F834103B
S31508016EE00020F1F75DFE601CC4B2232CC0DB1CBD7B
S31508016EF088C0010810B540F225512D4800F0F7FA6F
S31508016F0000B340F225512A4800F01BF940F22551F9
S31508016F10274800F016F9002240F22551244800F0CE
S31508016F2010FB2348001D0088C4B2204602F08AFFE0
S31508016F302146002000F0B6FB012240F225511C48EB
S31508016F4000F0FFFA40F22771194800F0D0FA48B16B
S31508016F5040F22771164800F0F4F803F027F80020EC
S31508016F6000F010FD4021124800F0B4FA40B140216A
S31508016F700F4800F0DDF840F226610D4800F0E1F80F
S31508016F8008210B4800F0A6FA012806D1082108486D
S31508016F9000F0CEF8064800F065FB4FF41871044876
S31508016FA000F0CFF86021024800F0CBF810BD0000D0
S31508016FB00038014010B540F225512F4800F097FAE4
S31508016FC018B340F225512C4800F0BBF840F2255180
S31508016FD0294800F0B6F8002240F22551264800F06B
S31508016FE0B0FA2548001D0088C4B2204601F0D6FA39
S31508016FF02046F8F7B3FA2146022000F053FB012296
S3150801700040F225511C4800F09CFA40F227711A48B3
S3150801701000F06DFA58B140F22771174800F091F85F
S3150801702001F042FBF8F7C2FC022000F0ABFC40215C
S31508017030114800F04FFA40B140210F4800F078F8A6
S3150801704040F226610C4800F07CF808210A4800F055
S3150801705041FA012806D10821074800F069F80648CF
S3150801706000F000FB4FF41871034800F06AF860213C
S31508017070014800F066F810BD0044004010B540F222
S3150801708025512A4800F033FAD8B140F2255127484C
S3150801709000F057F8002240F22551244800F051FA31
S315080170A02248001D0088C4B2204602F073FC21461E
S315080170B0032000F0F7FA012240F225511B4800F09F
S315080170C040FA40F22771194800F011FA48B140F226
S315080170D02771164800F035F802F0E2FC032000F0AB
S315080170E051FC4021114800F0F5F940B140210F4803
S315080170F000F01EF840F226610C4800F022F808213B
S315080171000A4800F0E7F9012806D10821074800F0E6
S315080171100FF8064800F0A6FA4FF41871034800F074
S3150801712010F86021014800F00CF810BD0048004035
S3150801713001F40072B2F5007F00D100BFCA43028094
S31508017140704710B50022002340F66A14A14200D107
S3150801715000BF0A1201249440A3B2DC43048010BD87
S3150801716021B1828942F40052828104E082894DF676
S31508017170FF731A408281704710B586B00446012C08
S3150801718004D0022C64D0032C61D1C1E0012144F260
S315080171900500F8F7FBFC934800F030F94FF400704E
S315080171A0ADF8140003208DF8160018208DF8170085
S315080171B005A98D48F2F7FCFD4FF48060ADF814007F
S315080171C004208DF8170005A98748F2F7F1FD252057
S315080171D08DF8000001208DF8010000208DF80200CD
S315080171E001208DF803006846F8F700F94FF41650A8
S315080171F001900020ADF80800ADF80A00ADF80C00C2
S31508017200ADF810000C20ADF80E0001A9754800F084
S31508017210BDF9012240F22551724800F092F9012286
S315080172204FF458716F4800F08CF940216D48FFF70B
S315080172307FFF40F225516B48FFF783FF40F2277124
S315080172406848FFF77EFF01216648FFF789FFC5E019
S3150801725001210520F8F79AFC01214804F8F776FC84
S315080172600820ADF8140004208DF8170005A95E481A
S31508017270F2F79EFD0420ADF8140003208DF81600E0
S3150801728018208DF8170005A95748F2F791FD262011
S315080172908DF8100001208DF8110003208DF81200D9
S315080172A001208DF8130004A8F8F7A0F84FF416503A
S315080172B000900020ADF80400ADF80600ADF808000E
S315080172C0ADF80C000C20ADF80A006946474800F0F5
S315080172D05DF9012240F22551444800F032F90122B4
S315080172E04FF45871414800F02CF940213F48FFF707
S315080172F01FFF40F225513D48FFF723FF40F2277152
S315080173003A48FFF71EFF01213848FFF729FF65E0D4
S3150801731001211120F8F73AFC01218804F8F716FC37
S3150801732001213348F2F7D0FD4FF40060ADF814009F
S3150801733004208DF8170005A92E48F2F739FD4FF4F8
S315080173408060ADF8140003208DF8160018208DF81A
S31508017350170005A92748F2F72BFD27208DF81000FD
S3150801736001208DF8110000208DF8120001208DF8FA
S31508017370130004A8F8F73AF84FF4165000900020C5
S31508017380ADF80400ADF80600ADF80800ADF80C003C
S315080173900C20ADF80A006946174800F0F7F80122F3
S315080173A040F22551144800F0CCF801224FF45871E7
S315080173B0114800F0C6F840210F48FFF7B9FE40F220
S315080173C025510D48FFF7BDFE40F227710A48FFF720
S315080173D0B8FE01210848FFF7C3FE00BF00BF06B08B
S315080173E010BD00000038014000080140004400407B
S315080173F010001400001001400048004010B5044672
S315080174002048844209D101218803F8F7CFFB0021DE
S315080174104FF48040F8F7CAFB32E01B48844209D191
S3150801742001214804F8F7A2FB00214FF40030F8F7D0
S315080174309DFB25E01548844209D101218804F8F706
S3150801744095FB00214FF48020F8F790FB18E01048CF
S31508017450844209D10121C804F8F788FB00214FF4B9
S315080174600020F8F783FB0BE00A48844208D1012182
S315080174700805F8F77BFB00214FF48010F8F776FB37
S3150801748010BD00000038014000440040004800409B
S31508017490004C00400050004010B50446012C04D0B1
S315080174A0022C06D0032C0CD107E00748FFF7A6FFEC
S315080174B007E00648FFF7A2FF03E00548FFF79EFF2E
S315080174C000BF00BF10BD0000003801400044004065
S315080174D00048004002460020B1F5007F00D100BFF8
S315080174E013880B400BB1012000E00020704770B5EE
S315080174F00246002400230025002040F66A16B14200
S3150801750000D100BFC1F3421501F01F03012606FA97
S3150801751003F3012D02D19689334006E0022D02D1EB
S31508017520168A334001E0968A33400C12012606FA80
S3150801753004F41688344013B10CB1012000E0002090
S3150801754070BDF0B50346002400260025002040F64C
S315080175506A17B94200D100BF1846C1F3421401F0B7
S315080175601F06012707FA06F5012C01D10C3004E0A4
S31508017570022C01D1103000E014301AB107682F43EC
S31508017580076002E00768AF430760F0BD2DE9F047E1
S3150801759086B005460E460024A24600BFA14600272E
S315080175A0B08900B100BF2F462C8A4CF6FF70044003
S315080175B0F08804432C82AC894EF6F3100440B08857
S315080175C031890843718908430443AC81AC8A4FF673
S315080175D0FF400440B0890443AC8201A8F8F72CFBAC
S315080175E01F48874202D1DDF810A001E0DDF80CA0A2
S315080175F0A88900F4004040B10AEBCA0000EB0A1062
S3150801760031684900B0FBF1F807E00AEBCA0000EB64
S315080176100A1031688900B0FBF1F86420B8FBF0F074
S3150801762004012009642101FB1089A88900F400409E
S3150801763040B1322000EBC900B0FBF1F000F00700C1
S31508017640044308E0322000EB09106421B0FBF1F095
S3150801765000F00F0004432C8106B0BDE8F087000056
S315080176600038014001468888C0F308007047C1F315
S31508017670080282807047704700B585B014216846B4
S31508017680ECF769FD6A4600210548EEF7B0F90DF1F8
S315080176900B030822DDE90010F6F71AF805B000BD5C
S315080176A00064004070B504460D46B448007800B938
S315080176B070BD04EB4401B24810F8110010380928CE
S315080176C07AD2DFE800F005173056C08199F6F40042
S315080176D0812D0ED104EB440000EBC400A8495839AA
S315080176E001EB40008571112104EB4402A44800F81E
S315080176F0121040E1102D0FD104EB440000EBC40039
S315080177009F49583901EB4000C571122104EB440227
S315080177109B4800F8121005E0102104EB4402984832
S3150801772000F8121027E10F2D1CD104EB440000EBE1
S31508017730C4009349583901EB400005724FF6FF70B2
S3150801774000EA052004EB440101EBC4018C4A583ACE
S3150801775002EB41014880132104EB4402884800F8F2
S31508017760121005E0102104EB4402854800F81210B6
S3150801777001E1102D21DA04EB440000EBC400804935
S31508017780583901EB4000457204EB440000EBC40094
S3150801779001EB40004088284404EB440101EBC40195
S315080177A0774A583A02EB41014880152104EB440215
S315080177B0734800F8121006E0DCE0102104EB4402DD
S315080177C06F4800F81210D6E07DB904EB440000EBCF
S315080177D0C4006B49583901EB40008572162104EB48
S315080177E04402674800F8121005E0102104EB440230
S315080177F0634800F81210BEE0042D1DDC04EB4400BA
S3150801780000EBC4005E49583901EB4000C5726900B6
S3150801781004EB44025A4800EB42004180002104EB84
S315080178204402574800EB42008180142104EB4402CC
S31508017830534800F8121005E0102104EB44025048A1
S3150801784000F8121097E004EB44014D4800EB4100A3
S31508017850808804EB44024A4901EB42018988491CA4
S315080178608AB204EB4403464901EB43018A80801D31
S3150801787004EB440101EBC401414A583A02EB4101C8
S31508017880891D0D5404EB44013D4800EB41008188F4
S3150801789004EB44023A4800EB42004088814205DB8A
S315080178A0172104EB4402364800F8121063E010E091
S315080178B0FFE704EB440000EBC4003149583901EBFA
S315080178C040008580182104EB44022D4800F8121067
S315080178D051E004EB440000EBC4002949583901EB97
S315080178E04000808800EB052004EB440101EBC4014C
S315080178F0234A583A02EB4101888004EB4403583283
S3150801790002EB43025288921D91B204EB440202EB48
S31508017910C4021B4B583B03EB4202901DEFF710F9CB
S31508017920064604EB440000EBC4001549583901EB3F
S3150801793040008088B0420FD104EB440000EBC4003C
S3150801794001F8104004EB440101EBC4010C4A583A12
S3150801795002EB4100EFF71CF8002104EB440208484A
S3150801796000EB42004180102104EB4402044800F870
S31508017970121000E000BF00BF00BF99E64A060020CA
S31508017980582D002010B504461A4800EB840080786B
S3150801799008B3184800EB8400C178164830F824006B
S315080179A0814219DA144A02EB8413124A02EB840261
S315080179B0D278985C04EB4402104B03EB820291687F
S315080179C088470C4800EB8400C078401CC1B20948BE
S315080179D000EB8400C1700BE00021064800EB84002F
S315080179E0817004EB4401054A02EB8101486880472E
S315080179F010BD0000702E0020702D002050E90108EE
S31508017A0000BFFEE710B510480078012802D1F5F746
S31508017A1069FC17E00C480078022804D1F5F762FCE6
S31508017A20F5F7EAFC0EE00948007818B9F5F7F6FB10
S31508017A30F5F7E2FCF6F71EFAF5F716FBF5F752FC31
S31508017A40F5F788FC10BD0000940000208E00002088
S31508017A502DE9F05F05460026B2460027B346002405
S31508017A6008E06E4830F81400A84201D1A14603E0A7
S31508017A70601CC4B2562CF4DB00BF562C7ED0F02D08
S31508017A8054DB674830F81400FE381FFA80F8654859
S31508017A9080884044062848DC4C4620E06000C01D2A
S31508017AA06149095C6000801D5F4A105C01EB00209A
S31508017AB01FFA80FB5D4850F8241000235A464FF4FC
S31508017AC00060FDF74FFB701CC6B25649888800EB6B
S31508017AD0D071B6EB610F00DB03E0601CC4B2562C13
S31508017AE0DCDB00BF4F4800784E49087208464178EA
S31508017AF0417229128172C572B0F80E010112494804
S31508017B00017390F80E11417306210830EFF718F842
S31508017B100746444887733912C173C780062041490D
S31508017B20A1F80C010846EDF7E5F875E0802D73DB41
S31508017B303B4830F81400FE381FFA80F83948808827
S31508017B404044A42868DC4C4638E07000C01D36491C
S31508017B50095C7000801D344A105C01EB00201FFA95
S31508017B6080FB324850F8241000235A464FF400602F
S31508017B70FDF7F8FA701CC6B22C4800E04AE050F846
S31508017B802400B0F5FF6F0FD9284850F8240040F2B9
S31508017B90FB71884208D80AF1010000F0FF0ABAF120
S31508017BA0030F01D1EDF798FC1E49888800EBD071C7
S31508017BB0B6EB610F00DB03E0601CC4B2562CC4DBD4
S31508017BC000BF01201A49087003F008FA1548007821
S31508017BD01449087208464178417229128172C572A0
S31508017BE0B0F80E0101120F48017390F80E11417396
S31508017BF006210830EEF7A4FF07460A4887733912AB
S31508017C00C173C78006200749A1F80C010846EDF79C
S31508017C1071F801E0BDE8F09F00BFFBE768EC0108D9
S31508017C2014ED0108CE310020CE300020A8F101085C
S31508017C30140000202DE9F0410446002500260027FE
S31508017C40A4F18000742879D2DFE800F03A54606C18
S31508017C507985919DA9B5F2FEEFEEEDECEBEAE9E83F
S31508017C60E7E6E5E4E3E2E1E0DFDEDDDCDBDAD9D80D
S31508017C70D7D6D5D4D37878787878787878787878A4
S31508017C807878787878787878787878787878787865
S31508017C907878787878D2D1D07878CFCECDCCCBCA4F
S31508017CA0C9C8C7C6C57878787878787878787878BA
S31508017CB0787878787878787878787878C4C3C2C10B
S31508017CC0F748B0F80E01642100FB01F700233A4694
S31508017CD040F2F6314FF40060FDF744FA06460023F8
S31508017CE03A4640F2F2414FF40060FDF73BFAF6F7E7
S31508017CF057FF7BE2EA48B0F80E21002340F2F9313A
S31508017D004FF40060FDF72EFA06466FE2E448B0F834
S31508017D100E21002340F2EF314FF40060FDF722FAFD
S31508017D20064663E2DE48B0F80E2100234FF47C7163
S31508017D304FF40060FDF716FA064657E254E2D848B2
S31508017D40B0F80E21002340F2F1314FF40060FDF73F
S31508017D5009FA06464AE2D248B0F80E21002340F253
S31508017D60F2314FF40060FDF7FDF906463EE2CC48D4
S31508017D70B0F80E21002340F2F3314FF40060FDF70D
S31508017D80F1F9064632E2C648B0F80E2100234FF44F
S31508017D907D714FF40060FDF7E5F9064626E2C04815
S31508017DA0B0F80E21002340F2F5314FF40060FDF7DB
S31508017DB0D9F906461AE2BA48B0F80E2100234FF45B
S31508017DC07E714FF40060FDF7CDF906460EE20AE230
S31508017DD008E206E202E200E2FEE1FCE1FAE1F8E18C
S31508017DE0F6E1E9E1DCE1DAE1D8E1D6E1C9E1BCE1B4
S31508017DF0AFE1A2E19AE17DE160E153E144E137E1D6
S31508017E002AE11DE110E103E1F6E0E9E0DCE0CFE07B
S31508017E10C2E0B5E0A8E09BE08EE081E074E067E0AF
S31508017E205AE04DE040E033E026E019E00CE0FFE7D8
S31508017E309B48B0F80E21002340F203414FF400603D
S31508017E40FDF790F90646D1E19548B0F80E210023D1
S31508017E5040F22D414FF40060FDF784F90646C5E16D
S31508017E608F48B0F80E21002340F23B414FF40060E1
S31508017E70FDF778F90646B9E18948B0F80E210023DD
S31508017E8040F22E414FF40060FDF76CF90646ADE16C
S31508017E908348B0F80E21002340F23C414FF40060BC
S31508017EA0FDF760F90646A1E17D48B0F80E210023E9
S31508017EB040F227414FF40060FDF754F9064695E173
S31508017EC07748B0F80E21002340F235414FF400609F
S31508017ED0FDF748F9064689E17148B0F80E210023F5
S31508017EE04FF485614FF40060FDF73CF906467DE1E4
S31508017EF06B48B0F80E21002340F236414FF400607A
S31508017F00FDF730F9064671E16548B0F80E21002300
S31508017F1040F22B414FF40060FDF724F9064665E16E
S31508017F205F48B0F80E21002340F239414FF4006052
S31508017F30FDF718F9064659E15948B0F80E2100230C
S31508017F4040F22C414FF40060FDF70CF906464DE16D
S31508017F505348B0F80E21002340F23A414FF400602D
S31508017F60FDF700F9064641E14D48B0F80E21002318
S31508017F7040F232414FF40060FDF7F4F8064635E168
S31508017F804748B0F80E2100234FF488614FF400608A
S31508017F90FDF7E8F8064629E14148B0F80E21002325
S31508017FA040F233414FF40060FDF7DCF806461DE167
S31508017FB03B48B0F80E21002340F241414FF40060DE
S31508017FC0FDF7D0F8064611E13548B0F80E21002331
S31508017FD04FF486614FF40060FDF7C4F8064605E1E3
S31508017FE02F48B0F80E21002340F23E414FF40060BD
S31508017FF0FDF7B8F80646F9E02948B0F80E2100233E
S3150801800040F231414FF40060FDF7ACF80646EDE069
S315080180102348B0F80E21002340F23F414FF4006097
S31508018020FDF7A0F80646E1E01D48B0F80E21002349
S3150801803040F22F414FF40060FDF794F80646D5E06B
S315080180401748B0F80E21002340F23D414FF4006075
S31508018050FDF788F80646C9E01148B0F80E21002355
S3150801806040F234414FF40060FDF77CF80646BDE066
S315080180700B48B0F80E21002340F242414FF400604C
S31508018080FDF770F80646B1E00548B0F80E21002361
S315080180904FF480614800FDF765F80646A6E0000042
S315080180A0CE3100206B48B0F80E21002340F2014181
S315080180B04FF40060FDF756F8064697E06548B0F8B4
S315080180C00E01012808D10023AA2240F2F571C00247
S315080180D0FDF748F806460CE05E48B0F80E0140B9CF
S315080180E00023552240F2F5714FF40060FDF73AF886
S315080180F006467BE05748B0F80E01012808D100234F
S31508018100AA2240F2F671C002FDF72CF806460CE0E9
S315080181105048B0F80E0140B90023552240F2F671D5
S315080181204FF40060FDF71EF806465FE04949B1F8CD
S315080181300E01FDF753FA064658E04648B0F80E21F7
S31508018140002340F24A414FF40060FDF70BF806465A
S315080181504CE04048B0F80E21002340F255414FF457
S315080181600060FCF7FFFF064640E03A48B0F80E21EA
S31508018170002340F256414FF40060FCF7F3FF064630
S3150801818034E03448B0F80E21002340F257414FF449
S315080181900060FCF7E7FF064628E000BF00BF25E0C0
S315080181A02C48B0F80E21002340F2ED414FF400604F
S315080181B0FCF7D8FF064619E02648B0F80E21002339
S315080181C040F2EE414FF40060FCF7CCFF06460DE0A5
S315080181D00CE000BF00BF09E008E007E0F6F7FAF88F
S315080181E004E003E002E001E0002600BF00BF36B963
S315080181F01848B0F80E01401C1649A1F80E010120D5
S315080182001549087002F0EAFE124800781149087209
S3150801821008464178417221128172C472B0F80E0182
S3150801822001120C48017390F80E11417306210830AA
S31508018230EEF786FC0546074885732912C173C58082
S3150801824006200449A1F80C010846ECF753FDBDE8E0
S31508018250F0810000CE3100201400002002E008C899
S31508018260121F08C1002AFAD170477047002001E0A1
S3150801827001C1121F002AFBD1704780F3108870478D
S3150801828080F31088704710B500F0A8FAEEF7D6FB10
S3150801829010BD00007CB505460C461C2C00DA7CBDD9
S315080182A001202C490870002301AA40F24641C00268
S315080182B0F4F732FC00236A4640F245414FF4006068
S315080182C0F4F72AFC0198012807D123480068A0F58C
S315080182D08050C0092149086008E00099A1F580503D
S315080182E0C11700EB5161C9111C4A1160222094FB88
S315080182F0F0F01B490870A5F58070C0EBC00019495C
S31508018300086015480068A0F580500968B1EBD01FD0
S3150801831002D900200F49087012480068401C0099CC
S31508018320A1EBC0101049086008460068B0F5805FE7
S315080183300CDA0949009809680144A1F580510948F0
S315080183400068401CA1EBC0100749086007490C707A
S3150801835000BFA4E7E6060020F4060020DC0600209C
S31508018360E4060020FC060020F8060020EE060020A0
S3150801837010B5F6F72FF810BD1CB511A103C9CDE943
S31508018380000100231A46552140F6E13000F08AFE25
S31508018390012240F6FF716846F0F7FCFA42F21070C6
S315080183A0F5F721F808224FF47F610748F0F7F2FA4A
S315080183B00648F5F718F8F6F70DF800BFFEE70000CE
S315080183C0A55AFFAA5500000042060020A086010012
S315080183D010B50446E078002814DD0D2221460A4826
S315080183E0EBF7A0FE012009490870074801780848FB
S315080183F0FFF73DF9012240F227710548FFF7A1F879
S31508018400012010BD0020FCE7E52C00204C080020C7
S315080184100044004070B5C4B04FF488716846EBF764
S315080184209AFE0025002600247BE054480068A0EB4C
S31508018430C416B6F5805F08DA5048006850490968DD
S315080184400844A0F58050A0EBC4164E480068401CAD
S315080184504C49086044F26000864205DA43F66070CA
S31508018460864201DD44F26006B1B280224648F0F741
S31508018470D7F944480088C0F3072204EB0410002109
S3150801848001EB4000C01C02A90A543E48027804EBDD
S315080184900410012101EB4000C01C02A90A543B4803
S315080184A00088C0F3072204EB0410022101EB400007
S315080184B0C01C02A90A543548027804EB04100321AA
S315080184C001EB4000C01C02A90A54002204EB041067
S315080184D0042101EB4000C01C02A90A541C2204EB2A
S315080184E00410052101EB4000C01C02A90A5400250D
S315080184F00CE02548425D04EB0410062101EB40001F
S315080185002844C01C02A90A54681CC5B21C2DF0DBFC
S315080185101C4800681D490968884200D306E0601CAA
S31508018520C4B21B4800788442FFF67FAF00BF1948E2
S3150801853000788DF8080003218DF80910164801788E
S315080185408DF80A10134800788DF8000003208DF87D
S31508018550010011480078ADF804000F480078C01CE6
S31508018560ADF80C01BDF80C1102A8EEF7E9FAADF861
S3150801857006006846ECF7BEFB44B070BDF80600205D
S31508018580F4060020FC060020940B0020DC060020DF
S31508018590E4060020ED060020EE06002010B504468C
S315080185A03D480078062871D2DFE800F00316293421
S315080185B04762002039490870A52C09D1384804704A
S315080185C0084600782044087001203349087002E003
S315080185D00020314908705DE0802C01D0402C0AD179
S315080185E02F4844702D48007820442C4908700220F1
S315080185F02949087002E00020274908704AE02848FE
S3150801860084702648007820442449087003202249AA
S3150801861008703FE0082C0CD12148C4701F48007827
S3150801862020441E4908701F48047004201A4908701E
S3150801863002E00020184908702CE01A480078B0B109
S3150801864018480078C0F108011548001D445415481A
S315080186500078401E134908701048007820440F49D5
S3150801866008701048007810B905200B49087011E008
S315080186700B48047309480078A04202D10848ECF770
S31508018680CDF800200449087004E0FFE700200249FC
S31508018690087000BF00BF10BD510800205308002014
S315080186A08D2E00205208002010B52F480078072883
S315080186B058D2DFE800F004050E172A424B0051E0B4
S315080186C0022029490870294841782948FEF7CFFF31
S315080186D048E0032024490870244881782448FEF795
S315080186E0C6FF3FE02148C07818B905201E49087021
S315080186F002E004201C49087000201E4908701B4826
S31508018700C1781B48FEF7B3FF2CE01848C178194811
S315080187100078401C814202DC052013490870134881
S31508018720001D144A1278815C1148FEF7A0FF114812
S315080187300078401C0F49087014E006200A490870A1
S315080187400A48017B0A48FEF792FF0BE0002240F235
S3150801875027710748FEF7F5FE002003490870064908
S31508018760087000BF00BF10BD4C080020E52C002092
S3150801877000440040580800203A080020F0B5024697
S31508018780002327E000201FE032F82070461C32F84B
S315080187902660B74216DD32F8205002EB8006B4781F
S315080187A0461C32F8266022F82060461C02EB860633
S315080187B0B67802EB8007BE70461C22F8265002EBFB
S315080187C08606B470461CF0B24E1EF61A8642DBDCEB
S315080187D05E1CF3B24E1E9E42D4DCF0BD08B50021E4
S315080187E00091002010490888010A8DF80110C1B2CC
S315080187F08DF800100C49891C0888010A8DF80310A8
S31508018800C1B28DF802109DF8001042290AD19DF8CF
S315080188100110492906D19DF802104E2902D10121DC
S31508018820024A117008BD0000002F00084A06002000
S3150801883000B589B0202101A8EBF78DFC0020009036
S31508018840012240F61F516846EFF7EAFF9DF800003E
S31508018850A52805D120224FF4506101A8F0F79AF80E
S3150801886009B000BD2DE9FC4104460027B846A4F528
S315080188707A7086B2204600F0D3F9012806D120463F
S3150801888000F0E0F907463846BDE8FC81B6F5877F72
S3150801889001DB0020F8E7002301AA21464FF4006016
S315080188A0F4F73AF908B90020EEE72449304600F012
S315080188B06DF901281BD1214800F000F905461F482A
S315080188C0007800061D49497840EA01401B49897824
S315080188D040EA01201949C97840EA0108019880450A
S315080188E005D116480079A84201D10120CCE70198A3
S315080188F0000E124908700198000C48700198000A88
S3150801890088700198C870002000900FE00B49304626
S3150801891000F04CF9012804D10948F4F764FD012750
S3150801892008E09DF80000401CC0B200909DF80000C8
S315080189300328EBDB00BF3846A6E70000A2060020A5
S31508018940A086010010B50446082C5BD2DFE804F0C6
S31508018950040C151D262E3748002301224FF4FB610E
S31508018960D002FCF7FFFB4EE000231A464FF4FB61E9
S315080189704FF40060FCF7F6FB45E00023012240F2C4
S31508018980D971D002FCF7EEFB3DE000231A4640F20E
S31508018990D9714FF40060FCF7E5FB34E000230122AE
S315080189A040F2DA71D002FCF7DDFB2CE000231A460F
S315080189B040F2DA714FF40060FCF7D4FB23E00121A1
S315080189C01248F1F781FA012208211148F1F7CDFA87
S315080189D00023012240F2DB71D002FCF7C3FB12E04F
S315080189E001210A48F1F770FA002208210848F1F72F
S315080189F0BCFA00231A4640F2DB714FF40060FCF71B
S31508018A00B1FB00E000BF00BF10BD0000000230004E
S31508018A10000C0140002101E04A1CD1B28142FBDB76
S31508018A207047024600208A4201DB501A00E0881A84
S31508018A30704700007CB500200090019000250024B5
S31508018A405F2533E01B49284600F0B0F801281DD1FF
S31508018A501948F4F7C8FC6946284600F097F8012832
S31508018A6011D1144900980968884209D1114800F0C2
S31508018A7025F80646684600F021F8864200D116E038
S31508018A80601CC4B204E0601CC4B201E0601CC4B23C
S31508018A90032C07DD0023012240F6BC71D002FCF746
S31508018AA061FB04E042F21070F4F79DFCCAE700BFCF
S31508018AB07CBD0000AC060020A0860100014600200E
S31508018AC00878012203E08B5C5840531CDAB2042A69
S31508018AD0F9DB431CD8B2704710B50024FFF7AAFF8B
S31508018AE04FF47A7404E0204600F008F8601C84B25A
S31508018AF040F2F5408442F6DB10BD00002DE9F04155
S31508018B000546002400BFA5F57A7086B2284600F00E
S31508018B1087F8012806D1284600F0C4F907463846E1
S31508018B20BDE8F081B6F5877F01DB0020F8E7164935
S31508018B30304600F02BF8012821D11348007804EBC0
S31508018B4000641148407804EB00440F48807804EB30
S31508018B5000240D48C07804440B48FFF7AFFF0A49C3
S31508018B600979884209D10023224629464FF4006033
S31508018B70FCF7F8FA28B90020D2E70020D0E7002050
S31508018B80CEE70120CCE70000A706002070B5044611
S31508018B900D464FF6FF7000EAC40105222846EFF795
S31508018BA03FFE012800D170BD0020FCE770B50546DF
S31508018BB00E46002404E0305D0B490855601CC4B21A
S31508018BC0042CF8DB3046FFF779FF074908714FF6A1
S31508018BD0FF7000EAC50105220348EFF7DBFE08B975
S31508018BE0002070BD0120FCE7B906002010B5024639
S31508018BF002EB42034FF4586404EB431303EBC1033E
S31508018C0098B210BD014600200878012203E08B5C6A
S31508018C105840531CDAB2052AF9DB431CD8B270470F
S31508018C200246002108E0064850F82100904201D189
S31508018C3001207047481C81B20529F4DB0020F8E7BA
S31508018C4094BB01082DE9F8430646FF2400236A462A
S31508018C5031464FF40060F3F75FFF10B90020BDE815
S31508018C60F883002508E02B4850F82500B04201D1C9
S31508018C702C4603E0681C85B2052DF4DB00BFFF2CEA
S31508018C8001D10020EBE7244850F8240000998842D6
S31508018C9001D10120E3E72148405D401CC0B20C2107
S31508018CA090FBF1F201FB120087B239462046FFF725
S31508018CB09DFF81460098000E194908700098000C1E
S31508018CC048700098000A88700098C8701548005DB9
S31508018CD0401C00F0FF08084680F80480FFF792FF61
S31508018CE00F494871062249460D48EFF753FE08B960
S31508018CF00020B4E742F21070F4F775FB094800F852
S31508018D00048006490F550449009841F824000120BA
S31508018D10A5E7000094BB0108880600207C06002010
S31508018D209C060020810600202DE9F047044600270D
S31508018D30B84600BF002054490870002599E0294625
S31508018D402046FFF753FF8146062249464F48EFF76B
S31508018D5067FD012866D14D48FFF754FF4B4949790C
S31508018D60884260D1A8462FB9484800794649087013
S31508018D70012751E044480078401C4349087043489C
S31508018D8000790978884223D0681E41490855414827
S31508018D900079414908553F48007800063D49497818
S31508018DA040EA01403B49897840EA01203949C978B6
S31508018DB040EA0106394840F82460394850F8241039
S31508018DC0002332464FF40060FCF7CCF9BDE8F08782
S31508018DD00B2D21D12E4805552C4800792E490855C9
S31508018DE02A48007800062949497840EA0140274976
S31508018DF0897840EA01202549C97840EA01062748C9
S31508018E0040F82460264850F82410002332464FF4CF
S31508018E100060FCF7A7F9D9E71E481C490A680260F1
S31508018E208988818023E0012F21D1194800F804801F
S31508018E301848007918490855164800780006154952
S31508018E40497840EA01401349897840EA01201149E5
S31508018E50C97840EA0106114840F82460104850F8DC
S31508018E60241000233246F802FCF77CF9AEE7681CA9
S31508018E70C5B20C2DFFF663AF094931F8241088B243
S31508018E80FFF7E0FE00BFA1E7BE0600209C06002012
S31508018E907C060020BF0600208106002088060020E7
S31508018EA094BB01082DE9F0410646FF27002408E096
S31508018EB00B4850F82400B04201D1274603E0601C54
S31508018EC084B2052CF4DB00BFFF2F01D1002503E096
S31508018ED03846FFF729FF01252846BDE8F08100003D
S31508018EE094BB010870B5044600252046FFF7BAFC75
S31508018EF00546284670BD00007CB504460D4600208F
S31508018F00019000901F4804702878012825D11E4930
S31508018F100870002301AA40F24641C002F3F7FCFD9E
S31508018F200198012807D119480068A0F58050C009A1
S31508018F301749086023E000236A4640F245414FF489
S31508018F400060F3F7E9FD0099A1F58050C11700EB20
S31508018F505161C9110E4A116011E000200A490870D1
S31508018F600C49086064200C49086008200873FF2032
S31508018F70087108460178021D2046EBF7A1FD01207C
S31508018F807CBD0000C8060020E5060020F406002086
S31508018F90DC060020E0060020AC0C002010B50446D3
S31508018FA000234FF4805240F245415010FCF7DAF89D
S31508018FB000231A4640F246414FF40060FCF7D2F806
S31508018FC0002002490870012010BD0000D6060020C5
S31508018FD010B5002464202A49086008200873294826
S31508018FE0006829490968884210D100202749087074
S31508018FF0FF2023490871002022490860204801788A
S31508019000021D23480078EBF75BFD10BD1D4800687B
S31508019010401C4FF4805101EBC0101E490968884273
S3150801902007D818480068401C1A490968A1EBC014FA
S315080190300BE018480068184909680144A1F58051F0
S3150801904010480068401CA1EBC0140E480068401C7B
S315080190500C49086044F26000844205D243F6607008
S31508019060844201D944F26004A1B280220B48EFF789
S31508019070D7FB01200A490870EDF7ECFB00BFC4E7EE
S31508019080AC0C0020E0060020DC060020E5060020E6
S31508019090C8060020E8060020F4060020940B0020EC
S315080190A0D70600202DE9F04786B005460E469146BB
S315080190B09A46002700200390029080460190FE48B8
S315080190C0007818B1002006B0BDE8F0870020FB49FA
S315080190D0088004A8F4F788FFF848008880280CDA85
S315080190E0BDF81000A0F5FA60C1B2F44802880088FC
S315080190F0401CF24B1880F2488154F04800888028B9
S3150801910009DA9DF81210ED4802880088401CEB4BDD
S315080191101880EB488154E9480088802809DA9DF8C7
S315080191201310E64802880088401CE44B1880E4487E
S315080191308154E2480088802809DA9DF81410DF482E
S3150801914002880088401CDD4B1880DD488154DB48C5
S315080191500088802809DA9DF81520D84801880088F2
S31508019160401CD64B1880D6484254D44800888028DB
S3150801917009DA9DF81620D14801880088401CCF4B92
S315080191801880CF484254CF480078FF2802DB0020D8
S31508019190CC490870CB480078401CCA49087040F68B
S315080191A00A40854201D2A5F6B835C4480088802808
S315080191B007DAC24801880088401CC04B1880C0489D
S315080191C04554552E0DD1BD480088802816DA01224E
S315080191D0BA4801880088401CB84B1880B8484254E0
S315080191E00CE0B6480088802808DA0021B3480288CE
S315080191F00088401CB14B1880B1488154002303AA4A
S3150801920040F2D1714FF40060F3F786FCAB48008851
S3150801921080280ADA0398C0F30722A848018800883B
S31508019220401CA64B1880A6484254A44800888028AA
S3150801923009DA0398C2B2A14801880088401C9F4BED
S3150801924018809F484254002303AA40F2D2714FF472
S315080192500060F3F761FC4EF660210398081A039043
S315080192609648008880280ADA0398C0F307229348AB
S3150801927001880088401C914B1880914842548F48B8
S315080192800088802809DA0398C1B28C4802880088C8
S31508019290401C8A4B18808A488154002303AA40F24D
S315080192A0E9714FF40060F3F737FC84480088802899
S315080192B00ADA0398C0F30722804801880088401C0F
S315080192C07E4B18807E4842547C480088802809DAFB
S315080192D00398C1B2794802880088401C774B1880E8
S315080192E07748815400200390002302AA40F2D971DD
S315080192F04FF40060F3F710FCEEF74EFD18B1039832
S3150801930040F001000390002302AA4FF4FB614FF4D9
S315080193100060F3F701FCEEF7C9FD18B1039840F0B8
S315080193200200039065480088802809DA0398C1B2CB
S31508019330624802880088401C604B18806048815446
S31508019340002303AA40F2DF714FF40060F3F7E4FB50
S315080193505A48008880280ADA0398C0F30721574833
S3150801936002880088401C554B18805548815453483B
S315080193700088802809DA0398C2B250480188008813
S31508019380401C4E4B18804E484254002303AA40F213
S31508019390E5714FF40060F3F7BFFB48480088802861
S315080193A009DA0398C1B2454802880088401C434B34
S315080193B0188043488154002303AA4FF4FC614FF4F3
S315080193C00060F3F7A9FB3D48008880280ADA03986C
S315080193D0C0F30722394801880088401C374B18809A
S315080193E03748425435480088802809DA0398C1B2BB
S315080193F0324802880088401C304B18803048815416
S31508019400002303AA40F2E6714FF40060F3F784FBE8
S315080194102A480088802809DA0398C2B227480188B1
S315080194200088401C254B188025484254002303AA6E
S3150801943040F2E1714FF40060F3F76EFB1F480088B4
S31508019440802809DA0398C2B21C4801880088401CA2
S315080194501A4B18801A484254002303AA40F2E771AE
S315080194604FF40060F3F758FB14480088802809DA9E
S315080194700398C1B2114802880088401C0F4B188016
S315080194800F488154002303AA40F2E2714FF40060A9
S31508019490F3F742FB09480088802809DA0398C2B223
S315080194A0064801880088401C044B18800448425429
S315080194B0002303AA08E00000E5060020D0060020E4
S315080194C0940B0020D60600204FF4FD614FF400608E
S315080194D0F3F722FB9A480088802809DA0398C1B273
S315080194E0974802880088401C954B188095488154F6
S315080194F0B5F1FF3F0ED192480088802819DA9248C3
S3150801950001788F4802880088401C8D4B18808D4849
S3150801951081540EE08A48008880280ADA8B48006858
S315080195200278874801880088401C854B1880854841
S315080195304254002301AA40F2E9714FF40060F3F79F
S31508019540EBFA002303AA40F2F6314FF40060F3F771
S31508019550E3FA03990198484342F2107190FBF1F03E
S3150801956003907748008880280ADA0398C0F307220F
S31508019570734801880088401C714B18807148425411
S315080195806F480088802809DA0398C1B26C480288B6
S315080195900088401C6A4B18806A488154002303AA34
S315080195A040F2FD314FF40060F3F7B6FA64480088DB
S315080195B080280ADA0398C0F30721614802880088DF
S315080195C0401C5F4B18805F4881545D48008880289D
S315080195D009DA0398C2B25A4801880088401C584BD8
S315080195E0188058484254002424E02146012302AA3F
S315080195F09802F3F791FA5248008880280ADA029805
S31508019600C0F307214E4802880088401C4C4B18803D
S315080196104C4881544A480088802809DA0298C2B21F
S31508019620474801880088401C454B188045484254E4
S31508019630601C84B2202CD8DB002416E004F130012A
S31508019640012302AA9802F3F767FA3D4800888028A1
S3150801965009DA0298C1B23A4802880088401C384B98
S31508019660188038488154601C84B2082CE6DB002433
S315080196700EE033480088802808DA0022304801883D
S315080196800088401C2E4B18802E484254601C84B218
S31508019690192CEEDB0027002405E02A48005D384432
S315080196A087B2601C84B2264800888442F5DB2448C8
S315080196B00088802807DA224802880088401C204B47
S315080196C01880204887542248008881B21C4802889D
S315080196D01C48EFF75FF90A20EEF754FB1C480068AF
S315080196E080301B490860084600681A49096888429B
S315080196F00BD34FF48050164908600023012240F22B
S3150801970046414010FBF72EFD0EE01148006843F66E
S315080197106071884208DD0E48006844F2600188429B
S3150801972002DA08460A4908600023094840F2454119
S3150801973002684FF40060FBF715FD0120C3E4000041
S31508019740D0060020940B0020EC060020D806002045
S31508019750E8060020F406002030B595B04848D0E95F
S315080197600023D0E90210CDE91123CDE91310444BAA
S315080197701033D3E90020D3E902130EAC0BC40D92C2
S31508019780002009900A900B900C90202101A8EAF775
S31508019790E2FC0025002443F6E07109A800F08EFAE0
S315080197A0D8B142F21070F3F71EFE0A2211A909A8D0
S315080197B0EDF798F904464FF6E07101A800F07EFA34
S315080197C050B142F21070F3F70EFE0A220DA901A854
S315080197D0EDF788F9044000E000246CBB0A2211A9C0
S315080197E009A8EDF77FF938B10A2211A901A8EDF701
S315080197F079F908B1002421E043F6E07111A801F0D6
S31508019800FBFDC8B142F21070F3F7EDFD4FF6E071BA
S315080198100DA801F0F1FD78B142F21070F3F7E3FDFE
S3150801982043F6E07109A800F049FA30B10A2211A9F4
S3150801983009A8EDF757F9044600E0002454B1114888
S31508019840007840F008000F49087048F620500E4984
S31508019850086005E00B48007840F0040009490870E3
S3150801986000230A4A40F245414FF40060F3F754F9E0
S3150801987000231A460121881EFFF714FC15B030BDD6
S31508019880A8BB010856000020F4060020E8060020BF
S31508019890F8B505460E46174600200090B5F5006F47
S315080198A02FD100242AE004EB8400264951F8200030
S315080198B0B04221D104EB840001EB8000C07C112861
S315080198C00CD104EB84000A4602EB800000236A46A9
S315080198D041684FF40060F3F71FF90CE004EB8400CC
S315080198E0184A02EB80004168174803786A464FF424
S315080198F08060F3F711F903E0601C84B21C2CD2D303
S315080199001DE0B5F5806F1AD1002415E004EB84003B
S315080199100E4951F82000B0420CD104EB84000A46E6
S3150801992002EB80003B466A4641684FF48060F3F7D4
S31508019930F3F803E0601C84B20C2CE7D300BF00984F
S31508019940F8BD0000A8000020D80200203CBA010892
S3150801995010B50446E078002814DD0D2221460A4890
S31508019960EAF7E0FB01200949087007480178084829
S31508019970FDF77DFE012240F227710548FDF7E1FD5D
S31508019980012010BD0020FCE7F22C00204D08002024
S315080199900048004010B504463D480078062871D2B3
S315080199A0DFE800F0031629344762002039490870B8
S315080199B0A52C09D138480470084600782044087057
S315080199C001203349087002E00020314908705DE042
S315080199D0802C01D0402C0AD12F4844702D4800789C
S315080199E020442C49087002202949087002E0002009
S315080199F0274908704AE02848847026480078204498
S31508019A00244908700320224908703FE0082C0CD12C
S31508019A102148C4701F48007820441E4908701F4811
S31508019A20047004201A49087002E0002018490870D9
S31508019A302CE01A480078B0B118480078C0F108013E
S31508019A401548001D445415480078401E13490870EE
S31508019A501048007820440F4908701048007810B95A
S31508019A6005200B49087011E00B4804730948007872
S31508019A70A04202D10848EAF7C5FF00200449087048
S31508019A8004E0FFE700200249087000BF00BF10BDCF
S31508019A9054080020560800209A2E00205508002058
S31508019AA010B539480078072860D2DFE800F0040DC0
S31508019AB0161F324A5300012033490870334801788A
S31508019AC03348FDF7D4FD5DE002202F4908702F4881
S31508019AD041782F48FDF7CBFD54E003202A49087049
S31508019AE02A4881782A48FDF7C2FD4BE02748C07805
S31508019AF018B905202449087002E004202249087093
S31508019B000020244908702148C1782148FDF7AFFD96
S31508019B1038E01E48C1781F480078401C814202DCA3
S31508019B200520194908701948001D1A4A1278815CDE
S31508019B301748FDF79CFD17480078401C1549087021
S31508019B4020E00620104908701048017B1048FDF7EF
S31508019B508EFD17E0002240F227710D48FDF7F1FC52
S31508019B600020094908700C4908700BE0002240F2F0
S31508019B7027710748FDF7E5FC0020034908700649E7
S31508019B80087000BF00BF10BD4D080020F22C002050
S31508019B90004800405908002044080020FCF734FE1C
S31508019BA0FCF7E2FE01E0F8F765FCFCE738B5044688
S31508019BB00020009021480078A0B900236A464FF496
S31508019BC09E614FF40060F2F7A7FF0098012803D1C0
S31508019BD078201B49087002E0702019490870012095
S31508019BE016490870022C06D11548007840F0100075
S31508019BF01349087018E0032C06D11148007800F0C3
S31508019C00EF000F4908700FE034B90D48007840F0AD
S31508019C1020000B49087007E0012C05D10848007897
S31508019C2000F0DF000649087005480078F4F740FBA4
S31508019C3018B1034800780349087038BDF0070020B9
S31508019C40EF070020EE0700207047000010B5EEF779
S31508019C502DF9012828D1EEF79FF8012824D100F023
S31508019C606BF808BB1248007828B912480078401CDE
S31508019C701049087002E000200E4908700D48007866
S31508019C80401C0C4908700846007803280FDB0A486F
S31508019C90007805280BDA08480078401C0649087040
S31508019CA001200349087002E000200249087010BD2E
S31508019CB0E8070020F3070020CE07002070B5044608
S31508019CC00D460026A9B210222046EEF7A9FD064642
S31508019CD0E07BA52800D10126304670BD10B50446A3
S31508019CE007224FF452612046EEF79AFD10BD000097
S31508019CF038B500200090002400236A4640F2EF316F
S31508019D004FF40060F2F708FF00BF0DE004EB041002
S31508019D1000EB400007490844407900F0020008B901
S31508019D20002038BD601CC4B200988442EEDB0120D5
S31508019D30F7E70000442F002038B5002000900024E2
S31508019D4000236A4640F2EF314FF40060F2F7E4FE71
S31508019D5000BF0DE004EB041000EB4000074908447E
S31508019D60407900F0010008B9002038BD601CC4B272
S31508019D7000988442EEDB0120F7E70000442F00201B
S31508019D8010B5044620224FF450612046EEF748FDEF
S31508019D90E07FA52801D1012010BD0020FCE70000C5
S31508019DA008B50020009000236A4640F23B414FF473
S31508019DB00060F2F7B1FE0098B0F57A6F03DB012077
S31508019DC0094908700FE040F6AC510098884203DB58
S31508019DD000200549087006E00098B0F5FA6F02DB25
S31508019DE002200149087008BDB407002010B50446D1
S31508019DF0E07800281CDD002240210E48F0F7B5F86E
S31508019E000A20F3F7F0FA0D2221460B48EAF78AF9F8
S31508019E1001200A490870084801780948FDF727FC16
S31508019E20012240F227710648FDF78BFB012010BD80
S31508019E300020FCE700100140D82C00204B08002028
S31508019E40003801401CB504460020009000236A46EC
S31508019E5040F2EF414FF40060F2F75EFE00204C49F4
S31508019E6008704C48007806287DD2DFE800F003190F
S31508019E70434E617D002048490870A52C0CD14748FE
S31508019E80047008460078204408700120414908708A
S31508019E9000204349087102E000203E49087074E039
S31508019EA0002301AA40F249414FF40060F2F734FE5B
S31508019EB001983F30A04205D13A48006858B9009840
S31508019EC0012808D0802C01D0402C0FD135480068D4
S31508019ED060B9009850B9314844702F480078204439
S31508019EE02D49087002202B49087002E000202949F3
S31508019EF008704AE029488470274800782044264992
S31508019F0008700320234908703FE0082C0CD1234828
S31508019F10C4702148007820441F49087022480470FB
S31508019F2004201C49087002E000201A4908702CE038
S31508019F301D480078B0B11C480078C0F108011748DF
S31508019F40001D445418480078401E174908701248E5
S31508019F5000782044104908701348007810B9052084
S31508019F600C49087011E00CE00C4804730A480078A3
S31508019F70A04202D10948EAF7EBFE0020054908701C
S31508019F8003E000200349087000BF00BF1CBD0000A4
S31508019F908D0000204E08002050080020802E002049
S31508019FA0240700201C0800204F08002010B530485F
S31508019FB0007807285AD2DFE800F004050E172A426E
S31508019FC04B0053E002202A4908702A4841782A485A
S31508019FD0FDF74DFB4AE0032025490870254881789D
S31508019FE02548FDF744FB41E02248C07818B9052009
S31508019FF01F49087002E004201D49087000201F4906
S3150801A00008701C48C1781C48FDF731FB2EE0194839
S3150801A010C1781A480078401C814202DC052014499F
S3150801A02008701448001D154A1278815C1248FDF71C
S3150801A0301EFB12480078401C1049087016E00620DD
S3150801A0400B4908700B48017B0B48FDF710FB0DE027
S3150801A05005210B48EDF71EFE002240F2277106483E
S3150801A060FDF76FFA00200249087000BF00BF10BD56
S3150801A0704B080020D82C0020003801405708002042
S3150801A080697D000838B500200090002400236A463F
S3150801A09040F2EF314FF40060F2F73EFD00BF0DE0EC
S3150801A0A004EB041000EB400007490844007900F06E
S3150801A0B0020008B1012038BD601CC4B20098844270
S3150801A0C0EEDB0020F7E70000442F002038B500201A
S3150801A0D00090002400236A4640F2EF314FF40060F5
S3150801A0E0F2F71AFD00BF0DE004EB041000EB400087
S3150801A0F007490844007900F0010008B1012038BD7C
S3150801A100601CC4B200988442EEDB0020F7E7000029
S3150801A110442F002038B500200090002400236A4609
S3150801A12040F2EF314FF40060F2F7F6FC00BF0DE0A4
S3150801A13004EB041000EB400007490844007900F0DD
S3150801A140080008B1012038BD601CC4B200988442D9
S3150801A150EEDB0020F7E70000442F002038B5002089
S3150801A1600090002400236A4640F2EF314FF4006064
S3150801A170F2F7D2FC00BF0DE004EB041000EB40003F
S3150801A18007490844007900F0040008B1012038BDE8
S3150801A190601CC4B200988442EEDB0020F7E7000099
S3150801A1A0442F002038B500200090002400236A4679
S3150801A1B040F2EF314FF40060F2F7AEFC00BF0DE05C
S3150801A1C004EB041000EB400007490844407900F00D
S3150801A1D0080008B1012038BD601CC4B20098844249
S3150801A1E0EEDB0020F7E70000442F002038B50020F9
S3150801A1F00090002400236A4640F2EF314FF40060D4
S3150801A200F2F78AFC00BF0DE004EB041000EB4000F6
S3150801A21007490844C07800F0400008B1012038BD5C
S3150801A220601CC4B200988442EEDB0020F7E7000008
S3150801A230442F002038B500200090002400236A46E8
S3150801A24040F2EF314FF40060F2F766FC00BF0DE013
S3150801A25004EB041000EB400007490844C07800F0FD
S3150801A260010008B1012038BD601CC4B200988442BF
S3150801A270EEDB0020F7E70000442F002038B5002068
S3150801A2800090002400236A4640F2EF314FF4006043
S3150801A290F2F742FC00BF0DE004EB041000EB4000AE
S3150801A2A007490844C07800F0020008B1012038BD0A
S3150801A2B0601CC4B200988442EEDB0020F7E7000078
S3150801A2C0442F002038B500200090002400236A4658
S3150801A2D040F2EF314FF40060F2F71EFC00BF0DE0CB
S3150801A2E004EB041000EB400007490844C07800F06D
S3150801A2F0100008B1012038BD601CC4B20098844220
S3150801A300EEDB0020F7E70000442F00207CB5002093
S3150801A3100190002400900025002301AA40F2EF31A4
S3150801A3204FF40060F2F7F8FB00BF0DE004EB0410F0
S3150801A33000EB40001A490844C07800F0200008B133
S3150801A340012504E0601CC4B201988442EEDB00BF1B
S3150801A35000236A464FF47C614FF40060F2F7DCFB98
S3150801A360009800B95DB1002355224FF43E614FF4C0
S3150801A3700060FAF7F7FE01200A4908700DE009485E
S3150801A380007838B10023AA224FF43E614FF40060E9
S3150801A390FAF7E8FE00200349087028467CBD00004C
S3150801A3A0442F00208D08002038B500200090002495
S3150801A3B000236A4640F2EF314FF40060F2F7ACFB36
S3150801A3C000BF0DE004EB041000EB40000749084408
S3150801A3D0C07800F0040008B1012038BD601CC4B281
S3150801A3E000988442EEDB0020F7E70000442F0020A6
S3150801A3F038B500200090002400236A4640F2EF3168
S3150801A4004FF40060F2F788FB00BF0DE004EB04107F
S3150801A41000EB400007490844C07800F0080008B17D
S3150801A420012038BD601CC4B200988442EEDB0020CE
S3150801A430F7E70000442F002030B5C5B0002044904E
S3150801A44043904290002440902022FE4938A8E9F71B
S3150801A45069FE2022FB49203130A8E9F763FE202254
S3150801A460F849403128A8E9F75DFE2022F54960310F
S3150801A47020A8E9F757FE2022F249803118A8E9F702
S3150801A48051FE2022EF49A03110A8E9F74BFE202200
S3150801A490EC49C03108A8E9F745FE2022E949E0312F
S3150801A4A06846E9F73FFEE848007808B945B030BD87
S3150801A4B0002344AA40F2EF314FF40060F2F72CFB77
S3150801A4C00024FCE304F57C71002343AA4FF40060E1
S3150801A4D0F2F722FB04EB840101EBC401DB4A12F813
S3150801A4E01110439860F3030104EB840000EBC400E8
S3150801A4F002F8101004EB840000EBC400114611F8B1
S3150801A500100020F01000103004EB840101EBC401A7
S3150801A51002F8110004EB840000EBC400114611F89F
S3150801A520100020F0800004EB840101EBC40102F85D
S3150801A530110004EB840000EBC400114611F8100069
S3150801A54020F04000403004EB840101EBC40102F81D
S3150801A550110004EB840000EBC400114611F8100049
S3150801A56020F0200004EB840101EBC40102F811007C
S3150801A57004EB840000EBC400114601EB400040786F
S3150801A58020F00C00083004EB840101EBC40102EB56
S3150801A5904101487004EB840000EBC400114601EB4D
S3150801A5A04000407820F0800004EB840101EBC401EF
S3150801A5B002EB4101487004EB840000EBC40011462C
S3150801A5C001EB4000407820F0200004EB840101EB08
S3150801A5D0C40102EB4101487004EB840000EBC4009E
S3150801A5E0114601EB4000407820F01000103004EBD2
S3150801A5F0840101EBC40102EB4101487004EB8400BC
S3150801A60000EBC400114601EB4000407820F002003F
S3150801A61004EB840101EBC40102EB4101487004EB30
S3150801A620840000EBC400114601EB4000407820F09D
S3150801A6300100401C04EB840101EBC40102EB41015A
S3150801A640487004EB840000EBC400114601EB40009E
S3150801A650807820F00C00001D04EB840101EBC40195
S3150801A66002EB41018870002342AA40F23B414FF4B4
S3150801A6700060F2F751FA42980F30052190FBF1F08C
S3150801A680429004EB840101EBC401704A02EB4101DB
S3150801A6904298C8704298000A04EB840101EBC40190
S3150801A6A002EB4101897860F3010104EB840000EBB8
S3150801A6B0C40002EB40008170002342AA40F2944193
S3150801A6C04FF40060F2F728FA4298801C429004EB96
S3150801A6D0840000EBC4005D4901EB4000807820F05E
S3150801A6E0F000F03004EB840101EBC401574A02EB98
S3150801A6F04101887010251AE0681E38A931F8100042
S3150801A7004299884211DB681E04EB840101EBC401FE
S3150801A7104E4A02EB4101897860F3071104EB840084
S3150801A72000EBC40002EB40008170681EC5B2002D23
S3150801A730E2DC002342AA40F23B414FF40060F2F703
S3150801A740EBF9002340AA40F295414FF40060F2F775
S3150801A750E3F942980F304099401A429005214298F0
S3150801A76090FBF1F0429004EB840101EBC401374AF6
S3150801A77002EB4101429848714298000A04EB8401B0
S3150801A78001EBC40102EB4101097960F3010104EB14
S3150801A790840000EBC40002EB40000171002342AAC9
S3150801A7A040F23C414FF40060F2F7B6F94298C838D6
S3150801A7B0142190FBF1F0429004EB840101EBC401F2
S3150801A7C0224A02EB410142988871002342AA40F2CB
S3150801A7D097414FF40060F2F79FF94298801C429026
S3150801A7E004EB840000EBC400184901EB4000007932
S3150801A7F020F0F000F03004EB840101EBC401134AA8
S3150801A80002EB41010871102535E0681E38A931F8B7
S3150801A81010004299884211DB681E04EB840101EBA2
S3150801A820C4010A4A02EB4101097960F3071104EBF5
S3150801A830840000EBC40002EB4000017104EB8400C4
S3150801A84006E0000080E9010814000020F62E002029
S3150801A85000EBC400FE4901EB4000007920F0F0004E
S3150801A860F03004EB840101EBC401F94A02EB410122
S3150801A8700871681EC5B2002DC7DC002342AA40F242
S3150801A8803C414FF40060F2F747F9002340AA4FF420
S3150801A89093614FF40060F2F73FF9409942980844F2
S3150801A8A042901421429890FBF1F0429004EB840106
S3150801A8B001EBC401E64A02EB41014298C871002343
S3150801A8C042AA4FF480614800F2F726F9142142980A
S3150801A8D090FBF1F0429004EB840101EBC401DC4AE0
S3150801A8E002EB4101429808724FF4FA604290142132
S3150801A8F0429890FBF1F0429004EB840101EBC4010C
S3150801A90002EB4101429848724FF4FA7042901421C1
S3150801A910429890FBF1F0429004EB840101EBC401EB
S3150801A92002EB4101897A429860F3060104EB84003F
S3150801A93000EBC40002EB40008172002342AA40F2F8
S3150801A94064414FF40060F2F7E7F842986430142145
S3150801A95090FBF1F0429004EB840101EBC401BC4A7F
S3150801A96002EB41014298C872002342AA40F22C41E7
S3150801A9704FF40060F2F7D0F8002341AA40F24441AF
S3150801A9804FF40060F2F7C8F84298A0F5EA4030386B
S3150801A990429041994298484340000A2190FBF1F0C0
S3150801A9A04FF47A7190FBF1F0429004EB840000EBCE
S3150801A9B0C400A74901EB4000007B20F0F000F0300D
S3150801A9C004EB840101EBC401A14A02EB41010873BE
S3150801A9D010251AE0681E30A931F8100042998842FC
S3150801A9E011DB681E04EB840101EBC401984A02EBF2
S3150801A9F04101097B60F3071104EB840000EBC400F5
S3150801AA0002EB40000173681EC5B2002DE2DC00238B
S3150801AA1042AA40F293414FF40060F2F77DF804EB45
S3150801AA20840000EBC4008A4901EB4000007B20F05A
S3150801AA300F000F3004EB840101EBC401844A02EBD9
S3150801AA404101087310251AE0681E28A931F810007B
S3150801AA504299884211DB681E04EB840101EBC401AB
S3150801AA607B4A02EB4101097B60F3030104EB840095
S3150801AA7000EBC40002EB40000173681EC5B2002D4D
S3150801AA80E2DC002342AA40F23A414FF40060F2F7B1
S3150801AA9043F8002341AA40F244414FF40060F2F71B
S3150801AAA03BF84298A0F5EA403038429041994298DD
S3150801AAB0484340000A2190FBF1F04FF47A7190FB6C
S3150801AAC0F1F0429004EB840000EBC400604901EB0D
S3150801AAD04000407B20F0F000F03004EB840101EBEC
S3150801AAE0C4015B4A02EB4101487310251AE0681E4E
S3150801AAF020A931F810004299884211DB681E04EB3F
S3150801AB00840101EBC401524A02EB4101497B60F31E
S3150801AB10071104EB840000EBC40002EB400041730B
S3150801AB20681EC5B2002DE2DC002342AA40F2B341F9
S3150801AB304FF40060F1F7F0FF04EB840000EBC4006A
S3150801AB40434901EB4000407B20F00F000F3004EB36
S3150801AB50840101EBC4013E4A02EB41014873102509
S3150801AB601AE0681E18A931F810004299884211DBCB
S3150801AB70681E04EB840101EBC401354A02EB41016D
S3150801AB80497B60F3030104EB840000EBC40002EB8C
S3150801AB9040004173681EC5B2002DE2DC002342AABB
S3150801ABA040F243414FF40060F1F7B6FF002341AA92
S3150801ABB040F244414FF40060F1F7AEFF41994298E3
S3150801ABC048434FF47A7190FBF1F0429004EB84000C
S3150801ABD000EBC4001E4901EB4000807B20F0F00029
S3150801ABE0F03004EB840101EBC401194A02EB41017F
S3150801ABF0887310251AE0681E10A931F810004299C9
S3150801AC00884211DB681E04EB840101EBC401104A7A
S3150801AC1002EB4101897B60F3071104EB840000EB29
S3150801AC20C40002EB40008173681EC5B2002DE2DC48
S3150801AC3004EB840000EBC400054901EB4000807B6E
S3150801AC4020F00F000F3004EB840101EBC40101E091
S3150801AC50F62E0020DE4A02EB41018873002342AA40
S3150801AC6040F239414FF40060F1F756FF002341AA3B
S3150801AC7040F244414FF40060F1F74EFF47F230517C
S3150801AC804298081A42904199429848430A2190FBF2
S3150801AC90F1F04FF47A7190FBF1F0429004EB8400E5
S3150801ACA000EBC400CA4901EB4000C07B20F0F0006C
S3150801ACB0F03004EB840101EBC401C54A00E07FE1F1
S3150801ACC002EB4101C87310251AE0681E08A931F87C
S3150801ACD010004299884211DB681E04EB840101EBDE
S3150801ACE0C401BB4A02EB4101C97B60F3071104EBBE
S3150801ACF0840000EBC40002EB4000C173681EC5B2B4
S3150801AD00002DE2DC04EB840000EBC400B04901EB42
S3150801AD104000007C20F0030004EB840101EBC40130
S3150801AD20AB4A02EB41010874002342AA40F2924160
S3150801AD304FF40060F1F7F0FE04EB840000EBC40069
S3150801AD40A34901EB4000C07B20F00F000F3004EB54
S3150801AD50840101EBC4019E4A02EB4101C873102527
S3150801AD6019E0681E3DF810004299884211DB681EF9
S3150801AD7004EB840101EBC401954A02EB4101C97B4D
S3150801AD8060F3030104EB840000EBC40002EB40000E
S3150801AD90C173681EC5B2002DE3DC04EB840000EB29
S3150801ADA0C4008B4901EB4000007C20F0300004EB25
S3150801ADB0840101EBC401864A02EB4101087404EBE4
S3150801ADC0840000EBC400114601EB4000007C20F032
S3150801ADD0C000803004EB840101EBC40102EB4101A0
S3150801ADE0087404EB840000EBC400114601EB400033
S3150801ADF0007C20F00C0004EB840101EBC40102EB9A
S3150801AE0041010874002342AA4FF488614FF4006097
S3150801AE10F1F782FE4298143042906E48429910F832
S3150801AE20110004EB840101EBC401694A02EB4101FB
S3150801AE304874002342AA4FF488614FF40060F1F781
S3150801AE406BFE002340AA40F2A4414FF40060F1F7DB
S3150801AE5063FE40994298401A42905E48429910F81A
S3150801AE60110004EB840101EBC401594A02EB4101CB
S3150801AE708874002342AA40F241414FF40060F1F779
S3150801AE804BFE42980A3842905348429910F81100ED
S3150801AE9004EB840101EBC4014D4A02EB4101C8747C
S3150801AEA0002342AA40F241414FF40060F1F734FE13
S3150801AEB0002340AA40F2A7414FF40060F1F72CFEA7
S3150801AEC040994298084442904348429910F8110023
S3150801AED004EB840101EBC4013D4A02EB410108750B
S3150801AEE0002342AA40F23E414FF40060F1F714FEF6
S3150801AEF04298143042903748429910F8110004EBF1
S3150801AF00840101EBC401324A02EB41014875002371
S3150801AF1042AA40F23E414FF40060F1F7FDFD0023DD
S3150801AF2040AA40F29E414FF40060F1F7F5FD4099C1
S3150801AF304298401A42902748429910F8110004EBAA
S3150801AF40840101EBC401224A02EB41018875002301
S3150801AF5042AA40F23F414FF40060F1F7DDFD429805
S3150801AF600A3842901C48429910F8110004EB8401F2
S3150801AF7001EBC401164A02EB4101C875002342AA36
S3150801AF8040F23F414FF40060F1F7C6FD002340AAA5
S3150801AF9040F2A1414FF40060F1F7BEFD4099429895
S3150801AFA0084442900C48429910F8110004EB8401B8
S3150801AFB001EBC401064A02EB41010876601CC4B2E2
S3150801AFC044988442FFF67EAA00BFFFF76FBA0000D5
S3150801AFD0F62E0020AAB50108CEB6010810B5002440
S3150801AFE0FFF72AFA00F074F80446FAF7A5FB20469B
S3150801AFF010BD000030B589B01C2102A8E9F7ABF8ED
S3150801B0000020019000240025002301AA40F2EF3117
S3150801B0104FF40060F1F780FD00BF4EE02948005D5E
S3150801B020002848D11923002202A92046F6F7B4FAC6
S3150801B030F0B300251BE002A8405D04EB840101EB97
S3150801B040C401214A02EB4101485504EB840000EB97
S3150801B050C400114601EB4000405D04EB840101EB9D
S3150801B060C4011A4A02EB41014855681CC5B2192D9B
S3150801B070E1DB04EB840000EBC400134A02EB400059
S3150801B0804119012319222046F6F786FA04EB8400B2
S3150801B09000EBC4000C4901EB4000405D04EB840160
S3150801B0A001EBC401094A02EB41014855012000E0C0
S3150801B0B001E004490855601CC4B201988442ADDB1D
S3150801B0C009B030BD5A080020A82E0020F62E00200F
S3150801B0D0F8B50020009000240025002601274148E4
S3150801B0E0007808B90120F8BD32203F4908800020C0
S3150801B0F03E49087000236A4640F2EF314FF400607A
S3150801B100F1F70AFD002451E03948005D01284AD1CA
S3150801B110002545E004EB840000EBC400354901EB4A
S3150801B1204000405D04EB840101EBC401324A02EBA5
S3150801B1304101495D88422FD0012030490870F3F753
S3150801B140A7F84CF25030F2F74EF90120FDF798F8BE
S3150801B15004EB840000EBC400264A02EB40004119C7
S3150801B16001232A462046F6F73BFA80B104EB840010
S3150801B17000EBC4001F4901EB4000405D04EB84016C
S3150801B18001EBC4011C4A02EB4101485500E00027C6
S3150801B1900020FDF775F8012600F02AF9681CC5B2EA
S3150801B1A01A2DB7DB00E00027601CC4B20098844260
S3150801B1B0AADB8EB1F3F7BCF84CF25030F2F713F96B
S3150801B1C0F1F7C4FF4CF25030F2F70DF96420ECF7B1
S3150801B1D043FD0120054908700020024908703846D8
S3150801B1E081E70000140000206008002020000020EC
S3150801B1F05A080020F62E0020A82E00205D080020FF
S3150801B20038B500200090002400236A4640F2EF3149
S3150801B2104FF40060F1F780FC00BF0DE004EB041069
S3150801B22000EB400007490844407900F0100008B1D6
S3150801B230012038BD601CC4B200988442EEDB0020B0
S3150801B240F7E70000442F002030B58FB0342102A85B
S3150801B250E8F781FF0020019000240025002301AAB8
S3150801B26040F2EF314FF40060F1F756FC00BF27E0DA
S3150801B2703323402202A92046F6F78EF9A0B100250C
S3150801B2800AE002A8405D04EB041101EB41010F4AF3
S3150801B29011444855681CC5B2332DF2DB00200C4910
S3150801B2A008550C49085509E00948005D401C08493C
S3150801B2B008550848005D401C06490855601CC4B27B
S3150801B2C001988442D4DB0FB030BD0000442F002022
S3150801B2D0620800206508002010B504467CB90120E3
S3150801B2E0F2F74CFF0120F2F755FF0120F2F75CFF58
S3150801B2F00120F2F75AFF0020F2F758FF47E0FA2C2F
S3150801B3000FDC0020F2F73AFF0120F2F743FF012094
S3150801B310F2F74AFF0120F2F748FF0020F2F746FF4D
S3150801B32035E0B4F5FA7F0FDC0020F2F727FF00209D
S3150801B330F2F730FF0120F2F737FF0120F2F735FF68
S3150801B3400020F2F733FF22E040F2EE2084420FDCC0
S3150801B3500020F2F713FF0020F2F71CFF0020F2F796
S3150801B36023FF0120F2F721FF0020F2F71FFF0EE06D
S3150801B3700020F2F703FF0020F2F70CFF0020F2F796
S3150801B38013FF0020F2F711FF0020F2F70FFF10BD9F
S3150801B39010B5044624B1012C05D0062C0AD105E0C6
S3150801B3A0F3F718F807E0FCF7E7FF04E00348044958
S3150801B3B0086000E000BF00BF10BD00008051010019
S3150801B3C01800002010B545F25550F3F76FFB03201E
S3150801B3D0F3F760FB05480068C0F34F10F3F760FB0D
S3150801B3E0F3F750FBF3F746FB10BD0000A40000205D
S3150801B3F010B5F3F747FB10BDF8B505460C46002610
S3150801B4000020009004F10F0081B201226846EDF791
S3150801B41007FA0646A520E873A1B210222846EDF7D9
S3150801B420B9FA06463046F8BD10B5044607224FF468
S3150801B43052612046EDF7AEFA10BD38B50446002034
S3150801B4400090012240F61F516846EDF7E9F99DF88B
S3150801B4500000A52809D0A520E07720224FF45061E5
S3150801B4602046EDF797FA012038BD0020FCE70003D6
S3150801B470030601040602050003051F1C1F1E1F1EE5
S3150801B4801F1F1E1F1E1F027AAA794D79ED7889782A
S3150801B4902178B5774577D0765776D9755775D074AB
S3150801B4A04474B3731D738272E2713D719270E26FD7
S3150801B4B02D6F726EB26DEC6C216C516B7B6A9F6954
S3150801B4C0BF68D967EE66FD6508650E640E630A6294
S3150801B4D00261F55FE45EE05DB55C985B785A5459A4
S3150801B4E02D580357D755A85477534F520F51D94F53
S3150801B4F0A14E694D2F4CF64ABC49824848470F462A
S3150801B500D6449E43684233410040CD3E9D3D703C42
S3150801B510443B1B3AF538D237B13693357934623321
S3150801B5204F32403133302A2F252E252D282C2E2B0C
S3150801B530392A48295B2873278E26A725D124F9237A
S3150801B540252354228821C120FD1F3E1F811EC91DA6
S3150801B550161D651CB91B111B6D1ACB192E199518C9
S3150801B560FE176C17DD165116C8154315C01441147C
S3150801B570C5134D13D7126412F51188111C11B41095
S3150801B5805110EC0F8D0F2F0FD30E790E240ECE0D01
S3150801B5907D0D2B0DDC0C910C470CFE0BB80B740BB7
S3150801B5A0300BEF0AAF0A730A360AE801E601E5012C
S3150801B5B0E301E201E001DE01DD01DB01D901D70189
S3150801B5C0D501D301D101CE01CC01CA01C701C401FC
S3150801B5D0C201BF01BC01B901B601B301B001AD0198
S3150801B5E0A901A601A2019F019B019701940190015E
S3150801B5F08C01880184017F017B01770172016E014B
S3150801B6006901650160015C01570152014D0149015A
S3150801B61044013F013A01350130012B01260122017E
S3150801B6201D01180113010E01090104010001FB00A6
S3150801B630F600F100ED00E800E300DF00DA00D600CD
S3150801B640D100CD00C900C500C000BC00B800B400D7
S3150801B650B000AC00A800A500A1009D009A009600C4
S3150801B66093008F008C008900860083007F007C0090
S3150801B6707A007700740071006E006C00690067003B
S3150801B680640062005F005D005B00590057005500C9
S3150801B690530051004F004D004B004900470046003A
S3150801B6A04400420041003F003E003C003B00390097
S3150801B6B038003700350034003300320031002F00DE
S3150801B6C02E002D002C002B002A0029002800E80056
S3150801B6D0E600E500E300E200E000DE00DD00DB0055
S3150801B6E0D900D700D500D300D100CE00CC00CA00BE
S3150801B6F0C700C400C200BF00BC00B900B600B30051
S3150801B700B000AD00A900A600A2009F009B0097000B
S3150801B710940090008C00880084007F007B007700ED
S3150801B72072006E006900650060005C0057005200F7
S3150801B7304D00490044003F003A00350030002B0017
S3150801B740260022001D00180013000E00090004003F
S3150801B75000000000000000000000000000000000DA
S3150801B76000000000000000000000000000000000CA
S3150801B77000000000000000000000000000000000BA
S3150801B78000000000000000000000000000000000AA
S3150801B790000000000000000000000000000000009A
S3150801B7A0000000000000000000000000000000008A
S3150801B7B0000000000000000000000000000000007A
S3150801B7C0000000000000000000000000000000006A
S3150801B7D0000000000000000000000000000000005A
S3150801B7E0000000000000000000000000000000004A
S3150801B7F00000400F350F2A0F1E0F120F050FF80E06
S3150801B800EA0EDB0ECC0EBD0EAD0E9C0E8B0E7A0E1D
S3150801B810680E540E410E2C0E170E010EEB0DD30DAC
S3150801B820BB0DA30D8A0D6F0D550D390D1D0D000D9F
S3150801B830E30CC50CA60C870C670C470C260C050CEB
S3150801B840E30BC10B9E0B7A0B560B320B0D0BE70A5A
S3150801B850C20A9C0A750A4F0A280A010ADA09B209B4
S3150801B8608B0963093C091509ED08C6089E0876087F
S3150801B8704F0827080008DA07B4078E07690744073F
S3150801B8801F07FB06D606B30690066A064506210675
S3150801B890FD05DA05BC059E058005630547052A05EC
S3150801B8A00D05F204D604BB049F04820467044B0405
S3150801B8B0310418040004E803D003BA03A3038D0373
S3150801B8C0780363034E033A03270313030103EF02C5
S3150801B8D0DD02CB02BA02AA029A028A027A026B0234
S3150801B8E05D024E0240023302250218020702FB01DD
S3150801B8F0EF01E401D901CE01C301B901AF01A501E7
S3150801B9009C01920188017F0176016D0165015D0146
S3150801B91055014E0146013F01380131012A01230132
S3150801B9201B0113010C010401FD00F900F500F100EA
S3150801B930ED00E900E300DE00D800D300CE00C9001F
S3150801B940C500C100BD00B900B500B100AD00AA002F
S3150801B950A600A3009F009C0099009600A00F000076
S3150801B960B80B0000C40B000000000000A10F000086
S3150801B970B90B0000C50B000000000000A20F000073
S3150801B980BA0B0000C60B000000000000A30F000060
S3150801B990BB0B0000C70B000000000000A40F00004D
S3150801B9A0BC0B0000C80B000000000000A50F00003A
S3150801B9B0BD0B0000C90B000000000000A60F000027
S3150801B9C0C00B0000CA0B000000000000A70F000012
S3150801B9D0C10B0000CB0B000000000000A80F0000FF
S3150801B9E0C20B0000CC0B000000000000A90F0000EC
S3150801B9F0BE0B0000CD0B000000000000AA0F0000DE
S3150801BA00BF0B0000CE0B000000000000AB0F0000CA
S3150801BA10C30B0000CF0B000000000000AC0F0000B4
S3150801BA20D20B0000D30B000000000000AD0F000090
S3150801BA30D00B0000D10B000000000000200300001D
S3150801BA40430000002D0400000A000A0064000111E9
S3150801BA5021030000440000002E0400000A000A0029
S3150801BA6064000211220300004700000030040000B0
S3150801BA700A000A0003000111230300004800000020
S3150801BA80310400000A000A00030002112403000021
S3150801BA9040000000F40100000A000A0032000122F9
S3150801BAA02503000040000000F50100000A000A0015
S3150801BAB03200022226030000430000003B04000076
S3150801BAC00A000A006400011127030000440000006F
S3150801BAD03C0400000A000A00640002112803000061
S3150801BAE0470000003E0400000A000A000300011195
S3150801BAF029030000480000003F0400000A000A006C
S3150801BB00030002112A03000040000000F6010000AC
S3150801BB100A000A00320001222B030000400000003F
S3150801BB20F70100000A000A0032000222840300001D
S3150801BB3020030000260300008503000021030000FE
S3150801BB4027030000860300002203000028030000E3
S3150801BB50870300002303000029030000880300006F
S3150801BB60240300002A0300008903000025030000BE
S3150801BB702B030000BF0B0000CE0B0000BE0B00001C
S3150801BB80CD0B0000D00B0000D10B0000D20B00003A
S3150801BB90D30B0000FC03000045040000FA03000073
S3150801BBA0FB030000EC040000010203040506070874
S3150801BBB0090A0000000000000A090807060504032F
S3150801BBC002010000000000005801000019000100F0
S3150801BBD050010000050001005101000005000100A7
S3150801BBE05201000005000100630100000500010083
S3150801BBF0640100000500010056010000190001005A
S3150801BC00700100001900010055010000190001002A
S3150801BC106201000019000100570100001900010026
S3150801BC205301000019000100540100001900010028
S3150801BC30710100000A00010010010001BD28010878
S3150801BC40110100015529010812010001192A0108EB
S3150801BC5013010001B12A010814010001812B010811
S3150801BC6015010001052C010816010001B12C010876
S3150801BC70170100015D2D010818010001292E01088F
S3150801BC80190100014D2E01081A010001E12E0108D2
S3150801BC901B010001752F01081C010001093001086B
S3150801BCA01D010001F93001081E0100018D3101084D
S3150801BCB01F01000115320108200100017132010836
S3150801BCC021010001D1320108220100015533010881
S3150801BCD023010001913301082401000129340108D7
S3150801BCE0250100016134010826010001A13401087A
S3150801BCF027010001F53401083001000195350108D5
S3150801BD00310100014D3601083201000105370108EC
S3150801BD10330100019937010834010001A1380108EE
S3150801BD2035010001A939010836010001613A010806
S3150801BD3037010001193B010838010001D13B01080F
S3150801BD4039010001893C01083A010001413D010818
S3150801BD503B010001F93D01083C0100018D3E010846
S3150801BD603D010001953F01083E0100019D40010882
S3150801BD703F01000155410108400100010D4201083A
S3150801BD8041010001C5420108420100017D43010844
S3150801BD90430100013544010844010001ED4401084D
S3150801BDA0450100018145010846010001894601084E
S3150801BDB04701000191470108480100014948010866
S3150801BDC049010001014901084A010001B94901086F
S3150801BDD04B010001714A01085001000081AB0008BE
S3150801BDE051010000F1AB000852010000A9AC00089E
S3150801BDF05301000031AD000854010000D1AD00081F
S3150801BE005501000041AE000856010000F5AE0008D4
S3150801BE1057010000A9AF00085801000061B00008E9
S3150801BE20590100007DB000085A0100000DB1000853
S3150801BE305B0100009DB100085C0100002DB20008FD
S3150801BE405D010000FDB200085E0100008DB3000827
S3150801BE505F01000011B400086001000065B4000824
S3150801BE6061010000BDB40008620100000DB50008BB
S3150801BE706301000065B5000864010000BDB500084E
S3150801BE8065010000EDB500086601000031B600083D
S3150801BE9067010000BDB6000868010000EDB600089C
S3150801BEA06901000039B700086A0100007DB700087A
S3150801BEB0700100000DB8000871010000A5B800085E
S3150801BEC0720100003DB9000873010000CDB90008F0
S3150801BED074010000C5BA000875010000BDBB000861
S3150801BEE07601000055BC000877010000EDBC00088A
S3150801BEF07801000085BD0008790100001DBE000813
S3150801BF007A010000B5BE00087B0100004DBF00089C
S3150801BF107C010000DDBF00087D010000D5C00008D6
S3150801BF207E010000CDC100087F01000065C200083E
S3150801BF3080010000FDC200088101000095C30008C8
S3150801BF40820100002DC4000883010000C5C4000851
S3150801BF50840100005DC5000885010000EDC50008E3
S3150801BF6086010000E5C6000887010000DDC7000854
S3150801BF708801000075C80008890100000DC900087C
S3150801BF808A010000A5C900088B0100003DCA000806
S3150801BF909001000051A4000891010000E9A40008DD
S3150801BFA09201000069A5000893010000DDA50008BB
S3150801BFB09401000091A600089501000041A7000818
S3150801BFC096010000F9A7000897010000CDA800080E
S3150801BFD0980100001DA90008990100006DA9000833
S3150801BFE09A01000011AA0008D0010001114B0108AD
S3150801BFF0D1010001314B0108D2010001514B010861
S3150801C000D3010001714B0108D4010001A94B0108B4
S3150801C010D5010001254C0108D6010001694C01082A
S3150801C020D7010001ED4C0108D8010001294D01088D
S3150801C030D9010001A94D0108DA010001F54D0108F0
S3150801C040DB010001414E0108DC010001754E0108C2
S3150801C050DD010001A94E0108E0010001F54E0108C4
S3150801C060E1010001714F0108E2010001ED4F0108EC
S3150801C070E301000169500108E4010001D5500108F6
S3150801C080E50100011151010801000000A60F000099
S3150801C09002000000A70F000003000000A00F000027
S3150801C0A004000000A10F000005000000AC0F00000D
S3150801C0B006000000AD0F000007000000A90F0000F0
S3150801C0C008000000AA0F000009000000A40F0000E4
S3150801C0D00A000000A50F00000B000000A20F0000D7
S3150801C0E00C000000A30F00000D000000A80F0000BF
S3150801C0F00E000000AB0F00000F000000AF0F00009C
S3150801C10010000000AE0F000011000000B10F000082
S3150801C11012000000B00F000013000000B30F00006A
S3150801C12014000000B20F000015000000B50F000052
S3150801C13016000000B40F000017000000B90F000038
S3150801C14018000000BA0F000019000000BB0F00001C
S3150801C1501A000000BC0F00001B000000BD0F000004
S3150801C1601C000000B60F00001D000000BE0F0000F5
S3150801C1701F000000BF0F000021000000C00F0000D3
S3150801C18022000000C10F000023000000C20F0000BA
S3150801C19024000000C30F000025000000C40F0000A2
S3150801C1A096000D000A0064000C000A0032000B001C
S3150801C1B00A0000000100010096000D000A00640053
S3150801C1C00C000A0032000B000A0000000100010001
S3150801C1D000000000840D0000640000001A0E000033
S3150801C1E0C8000000880E00002C010000C40E0000E3
S3150801C1F090010000EC0E0000F4010000140F00008D
S3150801C200580200003C0F0000BC020000640F000049
S3150801C210200300008C0F000084030000BE0F0000FD
S3150801C220E8030000181000000000000000000000EC
S3150801C23000000000000000000000000000000000EF
S3150801C24000000000000000000000000000000000DF
S3150801C25000000000000000000000000000000000CF
S3150801C26000000000000000000000000000000000BF
S3150801C270000000000000000000000000580C00004B
S3150801C28032000000ED0C000064000000680D00009B
S3150801C29096000000A90D0000C8000000DA0D000094
S3150801C2A0FA000000FC0D00002C010000100E000031
S3150801C2B05E0100002E0E000090010000400E0000F5
S3150801C2C0C2010000670E0000F4010000880E00009C
S3150801C2D026020000C60E000058020000FC0E0000EF
S3150801C2E08A020000320F0000BC0200004D0F000058
S3150801C2F0EE020000800F000020030000A40F0000DA
S3150801C30052030000D90F000084030000F20F000059
S3150801C310B603000009100000E803000057100000EA
S3150801C32000000000BC0A000032000000D20C000028
S3150801C330640000007C0D000096000000DA0D000084
S3150801C340C8000000040E0000FA000000210E0000DB
S3150801C3502C0100003E0E00005E0100005C0E00008C
S3150801C360900100007C0E0000C20100009F0E000033
S3150801C370F4010000CC0E000026020000FE0E0000AB
S3150801C380580200002F0F00008A0200005C0F00000F
S3150801C390BC020000880F0000EE020000B90F000081
S3150801C3A020030000F20F00005203000023100000D2
S3150801C3B0840300003B100000B6030000FA0F0000DA
S3150801C3C0E80300006610000000000000BC0A000037
S3150801C3D032000000D20C0000640000007C0D000051
S3150801C3E096000000DA0D0000C8000000040E0000E7
S3150801C3F0FA000000210E00002C0100003E0E00008C
S3150801C4005E0100005C0E0000900100007C0E000039
S3150801C410C20100009F0E0000F4010000CC0E0000CE
S3150801C42026020000FE0E0000580200002F0F000031
S3150801C4308A0200005C0F0000BC020000880F0000A1
S3150801C440EE020000B90F000020030000F20F000001
S3150801C4505203000023100000840300003B10000073
S3150801C460B6030000FA0F0000E8030000661000009A
S3150801C47000000000530C000032000000B80C000058
S3150801C480640000005F0D000096000000980D000092
S3150801C490C8000000D20D0000FA000000EF0D0000F0
S3150801C4A02C010000090E00005E010000220E0000AA
S3150801C4B0900100003A0E0000C20100005A0E000069
S3150801C4C0F4010000870E000026020000B90E0000E4
S3150801C4D058020000FD0E00008A020000260F000027
S3150801C4E0BC0200004D0F0000EE020000760F0000AE
S3150801C4F020030000A80F000052030000D70F000018
S3150801C50084030000F00F0000B603000007100000C6
S3150801C510E803000054100000000000009B0A000018
S3150801C520320000006A0C000064000000F50C0000EF
S3150801C530960000004A0D0000C8000000740D0000B6
S3150801C540FA000000970D00002C010000B50D00004F
S3150801C5505E010000D50D000090010000F40D0000F9
S3150801C560C2010000190E0000F4010000430E00008C
S3150801C57026020000740E000058020000A30E0000F7
S3150801C5808A020000CF0E0000BC020000F70E000070
S3150801C590EE020000220F000020030000560F0000E3
S3150801C5A052030000870F000084030000A50F000056
S3150801C5B0B6030000C00F0000E803000047100000A2
S3150801C5C0000000009B0A0000320000006A0C00000F
S3150801C5D064000000F50C0000960000004A0D0000FA
S3150801C5E0C8000000740D0000FA000000970D000055
S3150801C5F02C010000B50D00005E010000D50D0000FC
S3150801C60090010000F40D0000C2010000190E00009F
S3150801C610F4010000430E000026020000740E00001B
S3150801C62058020000A30E00008A020000CF0E000087
S3150801C630BC020000F70E0000EE020000220F000007
S3150801C64020030000560F000052030000870F000068
S3150801C65084030000A50F0000B6030000C00F000008
S3150801C660E80300004710000000000000CE090000A2
S3150801C67064000000CC0B0000C8000000450C000057
S3150801C6802C0100004E0C0000900100008A0C0000ED
S3150801C690F4010000950C000058020000A00C0000EF
S3150801C6A0BC020000AB0C000020030000B40C000023
S3150801C6B084030000C60C0000E8030000640D0000B6
S3150801C6C0000000000000000000000000000000005B
S3150801C6D0000000000000000000000000000000004B
S3150801C6E0000000000000000000000000000000003B
S3150801C6F0000000000000000000000000000000002B
S3150801C700000000000000000000000000000000001A
S3150801C71000000000CC0B000032000000620C000093
S3150801C72064000000CB0C000096000000D60C000047
S3150801C730C8000000EC0C0000FA000000000D000023
S3150801C7402C010000110D00005E010000160D00000D
S3150801C750900100001C0D0000C2010000200D000020
S3150801C760F4010000250D000026020000280D000036
S3150801C770580200002A0D00008A0200002F0D000051
S3150801C780BC020000340D0000EE020000390D000065
S3150801C790200300003E0D000052030000480D000072
S3150801C7A084030000580D0000B60300007A0D00004E
S3150801C7B0E8030000DE0D000000000000B20C0000D6
S3150801C7C032000000CD0C000064000000DA0C000005
S3150801C7D096000000F30C0000C8000000060D0000DA
S3150801C7E0FA000000130D00002C0100001E0D0000C8
S3150801C7F05E010000260D0000900100002D0D0000CD
S3150801C800C2010000320D0000F4010000360D0000DF
S3150801C810260200003A0D0000580200003E0D0000F5
S3150801C8208A020000460D0000BC020000440D00000B
S3150801C830EE020000560D0000200300005A0D00000C
S3150801C840520300005E0D000084030000610D000024
S3150801C850B6030000660D0000E8030000A20D000003
S3150801C86000000000480D000032000000630D0000C2
S3150801C87064000000700D000096000000890D00009C
S3150801C880C80000009C0D0000FA000000A90D000078
S3150801C8902C010000B40D00005E010000BC0D000073
S3150801C8A090010000C30D0000C2010000C80D000080
S3150801C8B0F4010000CC0D000026020000D00D000096
S3150801C8C058020000D40D00008A020000DC0D0000A9
S3150801C8D0BC020000E40D0000EE020000EC0D0000B1
S3150801C8E020030000F00D000052030000F40D0000C3
S3150801C8F084030000F70D0000B6030000FC0D0000DC
S3150801C900E80300002E0E0000000000006A0B00007C
S3150801C91032000000C00B0000640000002C0C00006F
S3150801C92096000000860C0000C8000000960C000066
S3150801C930FA000000AF0C00002C010000C10C000039
S3150801C9405E010000D00C000090010000D50C00002B
S3150801C950C2010000D70C0000F4010000D80C000049
S3150801C96026020000D90C000058020000DB0C00006A
S3150801C9708A020000DD0C0000BC020000E20C000087
S3150801C980EE020000EB0C000020030000F70C00008B
S3150801C99052030000FB0C000084030000FC0C00009D
S3150801C9A0B6030000FD0C0000E8030000FF0C0000C0
S3150801C9B000000000780A0000320000008D0B00001C
S3150801C9C064000000A40B000096000000BD0B0000E7
S3150801C9D0C8000000D00B0000FA000000DD0B0000C3
S3150801C9E02C010000E80B00005E010000F00B0000BE
S3150801C9F090010000F70B0000C2010000FC0B0000CB
S3150801CA00F4010000000C000026020000040C0000DE
S3150801CA1058020000080C00008A020000100C0000F1
S3150801CA20BC020000180C0000EE020000200C0000F9
S3150801CA3020030000240C000052030000280C00000B
S3150801CA40840300002B0C0000B6030000300C000024
S3150801CA50E80300006C0C000000000000C409000097
S3150801CA6032000000250A000064000000A00A000048
S3150801CA7096000000CD0A0000C8000000CC0A00009C
S3150801CA80FA000000D90A00002C010000E40A00009F
S3150801CA905E010000EC0A000090010000F30A0000A4
S3150801CAA0C2010000F80A0000F4010000FC0A0000B7
S3150801CAB026020000000B000058020000040B0000CB
S3150801CAC08A0200000C0B0000BC020000140B0000D7
S3150801CAD0EE0200001C0B000020030000200B0000E2
S3150801CAE052030000240B000084030000270B0000FA
S3150801CAF0B60300002C0B0000E8030000680B0000D9
S3150801CB000000000069080000640000007B080000BE
S3150801CB10C80000008D0800002C010000A0080000D4
S3150801CB2090010000B1080000F4010000C8080000E7
S3150801CB3058020000E3080000BC02000008090000D2
S3150801CB40200300003C090000840300007B09000063
S3150801CB50E8030000E90900000000000000000000E9
S3150801CB6000000000000000000000000000000000B6
S3150801CB7000000000000000000000000000000000A6
S3150801CB800000000000000000000000000000000096
S3150801CB900000000000000000000000000000000086
S3150801CBA00000000000000000000000006908000005
S3150801CBB03200000072080000640000007B080000D3
S3150801CBC09600000084080000C80000008D080000D7
S3150801CBD0FA000000970800002C010000A0080000D8
S3150801CBE05E010000A808000090010000B1080000DD
S3150801CBF0C2010000BD080000F4010000C8080000D9
S3150801CC0026020000D508000058020000E3080000CB
S3150801CC108A020000F6080000BC02000008090000AC
S3150801CC20EE02000022090000200300003C09000072
S3150801CC30520300005C090000840300007B09000020
S3150801CC40B6030000B2090000E8030000E909000084
S3150801CC5000000000690800003200000072080000A8
S3150801CC60640000007B0800009600000084080000AC
S3150801CC70C80000008D080000FA00000097080000AF
S3150801CC802C010000A00800005E010000A8080000B1
S3150801CC9090010000B1080000C2010000BD080000B3
S3150801CCA0F4010000C808000026020000D5080000AB
S3150801CCB058020000E30800008A020000F608000096
S3150801CCC0BC02000008090000EE020000220900006B
S3150801CCD0200300003C090000520300005C09000023
S3150801CCE0840300007B090000B6030000B2090000B6
S3150801CCF0E8030000E90900000000000069080000D7
S3150801CD003200000072080000640000007B08000081
S3150801CD109600000084080000C80000008D08000085
S3150801CD20FA000000970800002C010000A008000086
S3150801CD305E010000A808000090010000B10800008B
S3150801CD40C2010000BD080000F4010000C808000087
S3150801CD5026020000D508000058020000E30800007A
S3150801CD608A020000F6080000BC020000080900005B
S3150801CD70EE02000022090000200300003C09000021
S3150801CD80520300005C090000840300007B090000CF
S3150801CD90B6030000B2090000E8030000E909000033
S3150801CDA00000000069080000320000007208000057
S3150801CDB0640000007B08000096000000840800005B
S3150801CDC0C80000008D080000FA000000970800005E
S3150801CDD02C010000A00800005E010000A808000060
S3150801CDE090010000B1080000C2010000BD08000062
S3150801CDF0F4010000C808000026020000D50800005A
S3150801CE0058020000E30800008A020000F608000044
S3150801CE10BC02000008090000EE0200002209000019
S3150801CE20200300003C090000520300005C090000D1
S3150801CE30840300007B090000B6030000B209000064
S3150801CE40E8030000E9090000000000006908000085
S3150801CE503200000072080000640000007B08000030
S3150801CE609600000084080000C80000008D08000034
S3150801CE70FA000000970800002C010000A008000035
S3150801CE805E010000A808000090010000B10800003A
S3150801CE90C2010000BD080000F4010000C808000036
S3150801CEA026020000D508000058020000E308000029
S3150801CEB08A020000F6080000BC020000080900000A
S3150801CEC0EE02000022090000200300003C090000D0
S3150801CED0520300005C090000840300007B0900007E
S3150801CEE0B6030000B2090000E8030000E9090000E2
S3150801CEF00000000069080000320000007208000006
S3150801CF00640000007B080000960000008408000009
S3150801CF10C80000008D080000FA000000970800000C
S3150801CF202C010000A00800005E010000A80800000E
S3150801CF3090010000B1080000C2010000BD08000010
S3150801CF40F4010000C808000026020000D508000008
S3150801CF5058020000E30800008A020000F6080000F3
S3150801CF60BC02000008090000EE02000022090000C8
S3150801CF70200300003C090000520300005C09000080
S3150801CF80840300007B090000B6030000B209000013
S3150801CF90E8030000E9090000C50B0000CB0B0000FF
S3150801CFA0CD0B0000CE0B0000C90B0000C40B00001E
S3150801CFB0CA0B0000D30B0000D10B0000C80B000000
S3150801CFC0E803000001000000100000000100000055
S3150801CFD00100000000000000E90300002000000035
S3150801CFE03000000000000000010000000000000001
S3150801CFF0EA030000200000003000000000000000E5
S3150801D0000100000000000000EB0300002000000002
S3150801D01030000000000000000100000000000000D0
S3150801D020EC030000060000000900000000000000F3
S3150801D0300100000000000000ED03000006000000EA
S3150801D04009000000000000000100000000000000C7
S3150801D050EE030000060000000900000000000000C1
S3150801D0600100000000000000EF03000002000000BC
S3150801D070030000000100000001000000000000009C
S3150801D080F00300001000000010000000000000007E
S3150801D0900100000000000000F1030000100000007C
S3150801D0A01000000000000000010000000000000060
S3150801D0B0F20300001000000010000000000000004C
S3150801D0C00100000000000000F30300000300000057
S3150801D0D0060000000000000001000000000000003A
S3150801D0E0F403000003000000030000000000000034
S3150801D0F00100000000000000F50300000300000025
S3150801D100030000000000000001000000000000000C
S3150801D110F603000050C3000040420F000100000062
S3150801D120E803000000000000F7030000000000000B
S3150801D130801A060000000000E80300000000000055
S3150801D140F8030000030000007F0000000000000053
S3150801D1500100000000000000F9030000800C000037
S3150801D1608813000000000000E8030000000000002A
S3150801D170FA03000000000000FFFFFF7F0000000027
S3150801D180E803000000000000FB03000000000000A7
S3150801D190FFFFFF7F00000000E80300000000000019
S3150801D1A0FC030000F4010000E80300000000000091
S3150801D1B0E803000000000000FD030000E80300008A
S3150801D1C0E803000064000000E80300000000000016
S3150801D1D0FE03000000000000A08601000000000018
S3150801D1E00100000000000000FF030000000000002D
S3150801D1F0040000000000000001000000000000001B
S3150801D20000040000B80B000068100000DC050000EF
S3150801D210E803000000000000010400001E000000F1
S3150801D220C800000014000000E80300000000000028
S3150801D23002040000010000000500000000000000D3
S3150801D240010000000000000003040000580200006D
S3150801D250FFFF00000A0000000100000000000000B6
S3150801D26004040000E307000034080000D0070000AA
S3150801D2700100000000000000050400000100000094
S3150801D2800C00000001000000010000000000000081
S3150801D29006040000010000001F0000000100000054
S3150801D2A00100000000000000070400000100000062
S3150801D2B01800000001000000010000000000000045
S3150801D2C008040000010000003C0000000100000005
S3150801D2D00100000000000000090400000100000030
S3150801D2E03C000000010000000100000000000000F1
S3150801D2F00A04000000000000FFFFFF7F0000000095
S3150801D30001000000000000000B04000000000000FE
S3150801D310FFFFFF7F00000000010000000000000081
S3150801D3200C04000000000000FFFFFF7F0000000062
S3150801D33001000000000000000D04000000000000CC
S3150801D340FFFFFF7F00000000010000000000000051
S3150801D3500E04000000000000FFFFFF7F0000000030
S3150801D36001000000000000000F040000000000009A
S3150801D370FFFFFF7F00000000010000000000000021
S3150801D3801004000000000000FFFFFF7F00000000FE
S3150801D3900100000000000000110400000000000068
S3150801D3A0FFFFFF7F000000000100000000000000F1
S3150801D3B01204000000000000FFFFFF7F00000000CC
S3150801D3C00100000000000000130400000000000036
S3150801D3D0FFFFFF7F000000000100000000000000C1
S3150801D3E01404000000000000FFFFFF7F000000009A
S3150801D3F00100000000000000150400000000000004
S3150801D400FFFFFF7F00000000010000000000000090
S3150801D4101604000000000000FFFFFF7F0000000067
S3150801D42001000000000000001704000000000000D1
S3150801D430FFFFFF7F00000000010000000000000060
S3150801D4401804000000000000FFFFFF7F0000000035
S3150801D450010000000000000019040000000000009F
S3150801D460FFFFFF7F00000000010000000000000030
S3150801D4701A04000000000000FFFFFF7F0000000003
S3150801D48001000000000000001B040000000000006D
S3150801D490FFFFFF7F00000000010000000000000000
S3150801D4A01C04000000000000FFFFFF7F00000000D1
S3150801D4B001000000000000001D040000000000003B
S3150801D4C0FFFFFF7F000000000100000000000000D0
S3150801D4D01E04000000000000FFFFFF7F000000009F
S3150801D4E001000000000000001F0400000000000009
S3150801D4F0FFFFFF7F000000000100000000000000A0
S3150801D5002004000000000000FFFFFF7F000000006C
S3150801D51001000000000000002104000000000000D6
S3150801D5200A000000000000000100000000000000E1
S3150801D53022040000640000006E0000005A0000008A
S3150801D5400100000000000000230400006400000040
S3150801D5506E0000005A0000000100000000000000F3
S3150801D5602404000030750000587500000875000095
S3150801D570010000000000000025040000640000000E
S3150801D58078000000500000000100000000000000C3
S3150801D59026040000640000006E0000005A00000026
S3150801D5A00100000000000000270400000000000040
S3150801D5B088130000000000000A00000000000000B7
S3150801D5C028040000881300008813000000000000EA
S3150801D5D00A00000000000000290400000000000005
S3150801D5E01A04000000000000E80300000000000023
S3150801D5F02A040000E8030000E80300000000000018
S3150801D600E8030000000000002B04000000000000F1
S3150801D61000000000E0B1FFFF0A00000030750000BD
S3150801D6202C04000000000000204E0000000000004D
S3150801D6300A000000307500002D04000000000000FB
S3150801D6408813000000000000E80300000000000045
S3150801D6502E0400008813000088130000E803000068
S3150801D660E8030000000000002F040000000000008D
S3150801D670D007000000000000E803000000000000D9
S3150801D68030040000000000005A00000000000000FD
S3150801D69001000000280000003104000032000000EB
S3150801D6A032000000D8FFFFFF01000000280000003B
S3150801D6B032040000000000006400000000000000C1
S3150801D6C001000000280000003304000032000000B9
S3150801D6D03C000000D8FFFFFF010000002800000001
S3150801D6E034040000000000003200000000000000C1
S3150801D6F001000000000000003504000000000000E1
S3150801D70088130000000000000A0000000000000065
S3150801D710360400008813000088130000000000008A
S3150801D7200A000000000000003704000000000000A5
S3150801D7301A04000000000000E803000000000000D1
S3150801D7403804000064000000E8030000000000003F
S3150801D750E803000000000000390400000000000092
S3150801D76000000000E0B1FFFF0A000000307500006C
S3150801D7703A04000000000000204E000000000000EE
S3150801D7800A000000307500003B040000000000009C
S3150801D7908813000000000000E803000000000000F4
S3150801D7A03C0400008813000088130000E803000009
S3150801D7B0E8030000000000003D040000000000002E
S3150801D7C0D007000000000000E80300000000000088
S3150801D7D03E040000000000005A000000000000009E
S3150801D7E001000000280000003F040000320000008C
S3150801D7F032000000D8FFFFFF0100000028000000EA
S3150801D8004004000000000000640000000000000061
S3150801D8100100000028000000410400003200000059
S3150801D8203C000000D8FFFFFF0100000028000000AF
S3150801D8304204000000000000320000000000000061
S3150801D84001000000000000004304000088130000E6
S3150801D8501027000000000000010000000000000081
S3150801D860440400004A0100001027000019000000C6
S3150801D87040420F00000000004504000000100000AF
S3150801D8800000010000100000010000000000000077
S3150801D890460400000000000002000000000000002D
S3150801D8A0010000000000000047040000000000001D
S3150801D8B0FFFF00000000000001000000000000005A
S3150801D8C04804000000000000FFFFFF7F0100008000
S3150801D8D001000000000000004904000001000000EA
S3150801D8E0180000000100000001000000000000000F
S3150801D8F04A0400002F000000780000000000000024
S3150801D90001000000280000004B0400000000000090
S3150801D910FFFFFF7F010000800100000000000000FA
S3150801D9204C04000000000000FFFFFF7F010000809B
S3150801D93001000000000000004D04000031560000FF
S3150801D940FFFFFF7F0000000001000000000000004B
S3150801D9504E0400000D000000FFFF0000000000005B
S3150801D96001000000000000004F0400000000000054
S3150801D970FFFFFF7F0100008001000000000000009A
S3150801D9805004000000000000FFFFFF7F0100008037
S3150801D9900100000000000000510400000000000022
S3150801D9A0FFFFFF7F0100008001000000000000006A
S3150801D9B05204000000000000FFFFFF7F0100008005
S3150801D9C001000000000000005304000000000000F0
S3150801D9D0FFFFFF7F0100008001000000000000003A
S3150801D9E05404000000000000FFFFFF7F01000080D3
S3150801D9F0010000000000000055040000323100005B
S3150801DA003939000030300000010000000000000034
S3150801DA105604000034330000393900003030000064
S3150801DA200100000000000000570400003635000020
S3150801DA303939000030300000010000000000000004
S3150801DA40580400000000000001000000000000006A
S3150801DA500100000000000000590400000A0000004F
S3150801DA603200000002000000010000000000000072
S3150801DA705A0400000000000050000000D8FFFFFF14
S3150801DA8001000000280000005B04000001000000FE
S3150801DA900100000000000000010000000000000075
S3150801DAA05C0400000A0000000A00000002000000F1
S3150801DAB001000000000000005D04000055000000A0
S3150801DAC00001000000000000010000000000000045
S3150801DAD05E0400000000000088130000000000003A
S3150801DAE00A000000000000005F040000881300001F
S3150801DAF088130000000000000A0000000000000072
S3150801DB0060040000E80300001A0400000000000099
S3150801DB10E8030000000000006104000000000000A6
S3150801DB20E803000000000000E80300000000000010
S3150801DB30620400000000000000000000F0D8FFFFAA
S3150801DB400A000000307500006304000000000000B0
S3150801DB5010270000000000000A00000030750000D0
S3150801DB6064040000000000008813000000000000A3
S3150801DB70E8030000000000006504000088130000A7
S3150801DB808813000078050000E80300000000000083
S3150801DB906604000000000000D00700000000000035
S3150801DBA0E803000000000000670400000000000010
S3150801DBB05A000000000000000100000028000000D3
S3150801DBC0680400003200000032000000D8FFFFFFA1
S3150801DBD001000000280000006904000000000000A0
S3150801DBE06400000000000000010000002800000099
S3150801DBF06A040000320000003C000000D8FFFFFF65
S3150801DC0001000000280000006B040000000000006D
S3150801DC1032000000000000000100000000000000C2
S3150801DC206C0400006400000070170000000000008A
S3150801DC3001000000000000006D0400000A00000059
S3150801DC406400000000000000010000000000000060
S3150801DC506E04000064000000701700000000000058
S3150801DC6001000000000000006F04000064000000CD
S3150801DC70701700000000000001000000000000000D
S3150801DC80700400000A0000006400000000000000A3
S3150801DC90010000000000000071040000640000009B
S3150801DCA070170000000000000100000000000000DD
S3150801DCB072040000640000007017000000000000F4
S3150801DCC00100000000000000730400006400000069
S3150801DCD070170000000000000100000000000000AD
S3150801DCE074040000640000007017000000000000C2
S3150801DCF00100000000000000750400006400000037
S3150801DD00F40100000000000001000000000000000E
S3150801DD10760400006400000070170000000000008F
S3150801DD200100000000000000770400006400000004
S3150801DD30701700000000000001000000000000004C
S3150801DD40780400000A000000F40100000000000049
S3150801DD5001000000000000007904000064000000D2
S3150801DD60701700000000000001000000000000001C
S3150801DD707A0400006400000070170000000000002B
S3150801DD8001000000000000007B04000032000000D2
S3150801DD90F40100000000000001000000000000007E
S3150801DDA07C040000640000007017000000000000F9
S3150801DDB001000000000000007D040000640000006E
S3150801DDC070170000000000000100000000000000BC
S3150801DDD07E04000005000000140000000000000099
S3150801DDE001000000000000007F040000640000003C
S3150801DDF0701700000000000001000000000000008C
S3150801DE008004000064000000701700000000000094
S3150801DE100100000000000000810400000500000068
S3150801DE2014000000000000000100000000000000CE
S3150801DE308204000064000000701700000000000062
S3150801DE4001000000000000008304000064000000D7
S3150801DE50701700000000000001000000000000002B
S3150801DE608404000005000000140000000000000002
S3150801DE7001000000000000008504000064000000A5
S3150801DE8070170000000000000100000000000000FB
S3150801DE9086040000640000007017000000000000FE
S3150801DEA001000000000000008704000005000000D2
S3150801DEB0140000000000000001000000000000003E
S3150801DEC088040000640000007017000000000000CC
S3150801DED00100000000000000890400006400000041
S3150801DEE0701700000000000001000000000000009B
S3150801DEF08A040000050000001E0000000000000062
S3150801DF0001000000000000008B040000640000000E
S3150801DF10701700000000000001000000000000006A
S3150801DF208C04000064000000701700000000000067
S3150801DF3001000000000000008D0400000A00000036
S3150801DF40640000000000000001000000000000005D
S3150801DF508E04000064000000701700000000000035
S3150801DF6001000000000000008F04000064000000AA
S3150801DF70701700000000000001000000000000000A
S3150801DF80900400000A000000640000000000000080
S3150801DF900100000000000000910400006400000078
S3150801DFA070170000000000000100000000000000DA
S3150801DFB092040000640000007017000000000000D1
S3150801DFC00100000000000000930400006400000046
S3150801DFD070170000000000000100000000000000AA
S3150801DFE0940400006400000070170000000000009F
S3150801DFF00100000000000000950400006400000014
S3150801E000F40100000000000001000000000000000B
S3150801E010960400006400000070170000000000006C
S3150801E02001000000000000009704000064000000E1
S3150801E0307017000000000000010000000000000049
S3150801E040980400000A000000F40100000000000026
S3150801E05001000000000000009904000064000000AF
S3150801E0607017000000000000010000000000000019
S3150801E0709A04000064000000701700000000000008
S3150801E08001000000000000009B04000032000000AF
S3150801E090F40100000000000001000000000000007B
S3150801E0A09C040000640000007017000000000000D6
S3150801E0B001000000000000009D040000640000004B
S3150801E0C070170000000000000100000000000000B9
S3150801E0D09E04000005000000140000000000000076
S3150801E0E001000000000000009F0400006400000019
S3150801E0F07017000000000000010000000000000089
S3150801E100A004000064000000701700000000000071
S3150801E1100100000000000000A10400000500000045
S3150801E12014000000000000000100000000000000CB
S3150801E130A20400006400000070170000000000003F
S3150801E1400100000000000000A304000064000000B4
S3150801E1507017000000000000010000000000000028
S3150801E160A4040000050000001400000000000000DF
S3150801E1700100000000000000A50400006400000082
S3150801E18070170000000000000100000000000000F8
S3150801E190A6040000640000007017000000000000DB
S3150801E1A00100000000000000A704000005000000AF
S3150801E1B0140000000000000001000000000000003B
S3150801E1C0A8040000640000007017000000000000A9
S3150801E1D00100000000000000A9040000640000001E
S3150801E1E07017000000000000010000000000000098
S3150801E1F0AA040000050000001E000000000000003F
S3150801E2000100000000000000AB04000064000000EB
S3150801E2107017000000000000010000000000000067
S3150801E220AC04000064000000701700000000000044
S3150801E2300100000000000000AD0400000A00000013
S3150801E240640000000000000001000000000000005A
S3150801E250AE04000064000000701700000000000012
S3150801E2600100000000000000AF0400006400000087
S3150801E2707017000000000000010000000000000007
S3150801E280B00400000A00000064000000000000005D
S3150801E2900100000000000000B10400006400000055
S3150801E2A070170000000000000100000000000000D7
S3150801E2B0B2040000640000007017000000000000AE
S3150801E2C00100000000000000B30400006400000023
S3150801E2D070170000000000000100000000000000A7
S3150801E2E0B40400006400000070170000000000007C
S3150801E2F00100000000000000B504000064000000F1
S3150801E300F401000000000000010000000000000008
S3150801E310B604000064000000701700000000000049
S3150801E3200100000000000000B704000064000000BE
S3150801E3307017000000000000010000000000000046
S3150801E340B80400000A000000F40100000000000003
S3150801E3500100000000000000B9040000640000008C
S3150801E3607017000000000000010000000000000016
S3150801E370BA040000640000007017000000000000E5
S3150801E3800100000000000000BB040000320000008C
S3150801E390F401000000000000010000000000000078
S3150801E3A0BC040000640000007017000000000000B3
S3150801E3B00100000000000000BD0400006400000028
S3150801E3C070170000000000000100000000000000B6
S3150801E3D0BE04000005000000140000000000000053
S3150801E3E00100000000000000BF04000064000000F6
S3150801E3F07017000000000000010000000000000086
S3150801E400C00400006400000070170000000000004E
S3150801E4100100000000000000C10400000500000022
S3150801E42014000000000000000100000000000000C8
S3150801E430C20400006400000070170000000000001C
S3150801E4400100000000000000C30400006400000091
S3150801E4507017000000000000010000000000000025
S3150801E460C4040000050000001400000000000000BC
S3150801E4700100000000000000C5040000640000005F
S3150801E48070170000000000000100000000000000F5
S3150801E490C6040000640000007017000000000000B8
S3150801E4A00100000000000000C7040000050000008C
S3150801E4B01400000000000000010000000000000038
S3150801E4C0C804000064000000701700000000000086
S3150801E4D00100000000000000C904000064000000FB
S3150801E4E07017000000000000010000000000000095
S3150801E4F0CA040000050000001E000000000000001C
S3150801E5000100000000000000CB04000064000000C8
S3150801E5107017000000000000010000000000000064
S3150801E520CC040000E8030000A08601000A000000F0
S3150801E5300100000000000000CD040000E80300000F
S3150801E540A08601000A00000001000000000000008A
S3150801E550CE040000E8030000A08601000A000000BE
S3150801E5600100000000000000CF040000E8030000DD
S3150801E570A08601000A00000001000000000000005A
S3150801E580D0040000E8030000A08601000A0000008C
S3150801E5900100000000000000D1040000E8030000AB
S3150801E5A0A08601000A00000001000000000000002A
S3150801E5B0D2040000E8030000A08601000A0000005A
S3150801E5C00100000000000000D3040000E803000079
S3150801E5D0A08601000A0000000100000000000000FA
S3150801E5E0D4040000E8030000A08601000A00000028
S3150801E5F00100000000000000D5040000E803000047
S3150801E600A08601000A0000000100000000000000C9
S3150801E610D6040000E8030000A08601000A000000F5
S3150801E6200100000000000000D7040000E803000014
S3150801E630A08601000A000000010000000000000099
S3150801E640D8040000E8030000A08601000A000000C3
S3150801E6500100000000000000D9040000E8030000E2
S3150801E660A08601000A000000010000000000000069
S3150801E670DA040000E8030000A08601000A00000091
S3150801E6800100000000000000DB040000E8030000B0
S3150801E690A08601000A000000010000000000000039
S3150801E6A0DC040000E8030000A08601000A0000005F
S3150801E6B00100000000000000DD040000E80300007E
S3150801E6C0A08601000A000000010000000000000009
S3150801E6D0DE040000E8030000A08601000A0000002D
S3150801E6E00100000000000000DF040000E80300004C
S3150801E6F0A08601000A0000000100000000000000D9
S3150801E700E0040000E8030000A08601000A000000FA
S3150801E7100100000000000000E1040000E803000019
S3150801E720A08601000A0000000100000000000000A8
S3150801E730E2040000E8030000A08601000A000000C8
S3150801E7400100000000000000E3040000E8030000E7
S3150801E750A08601000A000000010000000000000078
S3150801E760E4040000E8030000A08601000A00000096
S3150801E7700100000000000000E5040000E8030000B5
S3150801E780A08601000A000000010000000000000048
S3150801E790E6040000E8030000A08601000A00000064
S3150801E7A00100000000000000E7040000E803000083
S3150801E7B0A08601000A000000010000000000000018
S3150801E7C0E8040000E8030000A08601000A00000032
S3150801E7D00100000000000000E9040000E803000051
S3150801E7E0A08601000A0000000100000000000000E8
S3150801E7F0EA040000E8030000A08601000A00000000
S3150801E8000100000000000000EB040000E80300001E
S3150801E810A08601000A0000000100000000000000B7
S3150801E820EC040000409C0000C8AF0000B888000056
S3150801E8300100000000000000ED04000000000000D7
S3150801E84001000000000000000100000000000000B7
S3150801E850EE04000000000000200000000000000097
S3150801E8600100000000000000EF04000000000000A5
S3150801E8700100000000000000010000000000000087
S3150801E880F004000000000000010000000000000084
S3150801E8900100000000000000F10400000100000072
S3150801E8A00100000000000000010000000000000057
S3150801E8B0F204000050C3000040420F0001000000AE
S3150801E8C0E803000000000000F30400000000000057
S3150801E8D00001000000000000010000000000000027
S3150801E8E0F40400001E00000064000000000000009F
S3150801E8F00100000000000000F5040000000000000F
S3150801E90000000000000000000100000000000000F7
S3150801E910000000008025000001000000C012000070
S3150801E920020000008025000003000000004B0000E3
S3150801E93004000000009600000500000000E1000048
S3150801E9400600000000C20100070000008025000043
S3150801E95031E6000809E60008F5E5000800000000B0
S3150801E960000000000000000081E600086DE60008CE
S3150801E97059E60008BDE60008A9E6000895E600087C
S3150801E9800A0014001E0028003C0050006400C8005C
S3150801E9902C01900158022003E803D007B80BA00FF9
S3150801E9A014001E00280032003C00460050005A00A0
S3150801E9B064006E00780082008C00A000B400C800D4
S3150801E9C005000A00140028003C0050006400C80035
S3150801E9D0900158022003E803DC05D007B80BA00F05
S3150801E9E01E00280032003C00460050005A00640010
S3150801E9F078008C00A000B400C8002C019001F40135
S3150801EA00010002000400060008000A00140028009C
S3150801EA103C0050006400C80090012003E803D007B9
S3150801EA20320050006E008C00AA00C800E6000401FE
S3150801EA30220140015E019001F40158022003E80316
S3150801EA4014001E00280032003C00460050005A00FF
S3150801EA5064006E00780082008C00A000B400C80033
S3150801EA60010002000400060008000A00140028003C
S3150801EA703C0050006400C80090012003E803D00759
S3150801EA8000070E091C1B1215383F363124232A2D7F
S3150801EA9070777E796C6B6265484F464154535A5D6F
S3150801EAA0E0E7EEE9FCFBF2F5D8DFD6D1C4C3CACD5F
S3150801EAB090979E998C8B8285A8AFA6A1B4B3BABD4F
S3150801EAC0C7C0C9CEDBDCD5D2FFF8F1F6E3E4EDEA3F
S3150801EAD0B7B0B9BEABACA5A28F88818693949D9A2F
S3150801EAE02720292E3B3C35321F18111603040D0A1F
S3150801EAF05750595E4B4C45426F68616673747D7A0F
S3150801EB00898E878095929B9CB1B6BFB8ADAAA3A4FE
S3150801EB10F9FEF7F0E5E2EBECC1C6CFC8DDDAD3D4EE
S3150801EB20696E676075727B7C51565F584D4A4344DE
S3150801EB30191E171005020B0C21262F283D3A3334CE
S3150801EB404E49404752555C5B7671787F6A6D6463BE
S3150801EB503E39303722252C2B0601080F1A1D1413AE
S3150801EB60AEA9A0A7B2B5BCBB9691989F8A8D84839E
S3150801EB70DED9D0D7C2C5CCCBE6E1E8EFFAFDF4F38E
S3150801EB80F4010000000000008813000000000000E6
S3150801EB900A00000000000000F501000088130000CB
S3150801EBA088130000000000000A00000000000000B1
S3150801EBB0F6010000000000008813000000000000B4
S3150801EBC00A00000000000000F70100008813000099
S3150801EBD088130000000000000A0000000000000081
S3150801EBE0F801000000000000881300000000000082
S3150801EBF00A00000000000000F90100008813000067
S3150801EC0088130000000000000A0000000000000050
S3150801EC10FA010000000000000000000000000000EA
S3150801EC20010000000000000000000000802500002F
S3150801EC3001000000C012000002000000802500004B
S3150801EC4003000000004B00000400000000960000CD
S3150801EC500500000000E100000600000000C20100F6
S3150801EC6007000000802500008000810082008300E3
S3150801EC708400850086008700880089008A008B0049
S3150801EC808C008D008E008F009000910092009300F9
S3150801EC909400950096009700980099009A009B00A9
S3150801ECA09C009D009E009F00A000A100A200A30059
S3150801ECB0A400A500A600A700A800C900CA00CB00A9
S3150801ECC0D100D200D300D400D500D600F000F1005F
S3150801ECD0F200F30000000000000000000000000040
S3150801ECE00000000000000000000000000000000015
S3150801ECF00000000000000000000000000000000005
S3150801ED0000000000000000000000000000000000F4
S3150801ED1000000000FE0000010201040106010801CD
S3150801ED200A010C010E011001120114011601180144
S3150801ED301A011C011E0120012201240126012801B4
S3150801ED402A012C012E013001320134013601380124
S3150801ED503A013C013E014001420144014601480194
S3150801ED604A014C014E0190019201940196019801C4
S3150801ED709A019C019E01A001A201A401A601A80174
S3150801ED80AA01AC01AE01B001B201B401B601B801E4
S3150801ED90BA01BC01BE01C001C201C401C601C80154
S3150801EDA0CA01CC01CE01D001D201D401D601D801C4
S3150801EDB0DA01DC01DE01E001E201E4010000000004
S3150801EDC00000010002000300040005000600070018
S3150801EDD0080009000A000B000C000D000E000F00C8
S3150801EDE01000110012001300140015001600170078
S3150801EDF0180019001A001B001C001D001E001F0028
S3150801EE0020002100220023002400250026002700D7
S3150801EE10280029002A002B002C002D002E002F0087
S3150801EE203000310032003300340035003600370037
S3150801EE30380039003A003B003C003D003E003F00E7
S3150801EE404000410042004300440045004600470097
S3150801EE50480049004A004B004C004D004E004F0047
S3150801EE6050005100520053005400550056005700F7
S3150801EE70580059005A005B005C005D005E005F00A7
S3150801EE806000610062006300640065006600670057
S3150801EE90680069006A006B006C006D006E006F0007
S3150801EEA070007100720073007400750076007700B7
S3150801EEB0780079007A007B007C007D007E00800066
S3150801EEC0810082008300840085008600870088000F
S3150801EED089008A008B008C008D008E008F009000BF
S3150801EEE0910092009300940095009600970098006F
S3150801EEF099009A009B009C009D009E009F00A0001F
S3150801EF00A100A200A300A400A500A600A700A800CE
S3150801EF10A900AA00AB00AC00AD00AE00AF00B0007E
S3150801EF20B100B200B300B400B500B600B700B8002E
S3150801EF30B900BA00BB00BC00BD00BE00BF00C000DE
S3150801EF40C100C200C300C400C500C600C700C8008E
S3150801EF50C900CA00CB00CC00CD00CE00CF00D0003E
S3150801EF60D100D200D300D400D500D600D700D800EE
S3150801EF70D900DA00DB00DC00DD00DE00DF00E0009E
S3150801EF80E100E200E300E400E500E600E700E8004E
S3150801EF90E900EA00EB00EC00ED00EE00EF000000EE
S3150801EFA00000000000000000000000000000000052
S3150801EFB000000000000002000400060008000A0024
S3150801EFC00C000E00100012001400160018001A009A
S3150801EFD01C001E00200022002400260028002A000A
S3150801EFE02C002E00300032003400360038003A007A
S3150801EFF03C003E00400042004400460048004A00EA
S3150801F0004C004E00500052005400560058005A0059
S3150801F0105C005E00600062006400660068006A00C9
S3150801F0206C006E00700072007400760078007A0039
S3150801F0307C007E00800082008400860088008A00A9
S3150801F0408C008E00900092009400960098009A0019
S3150801F0509C009E00A000A200A400A600A800AA0089
S3150801F060AC00AE00B000B200B400B600B800BA00F9
S3150801F070BC00BE00C000C200C400C600C800CA0069
S3150801F080CC00CE00D000D200D400D600D600DA00DB
S3150801F090DC00DE00E000E200E400E600E800EA0049
S3150801F0A0EC00EE00F000F200F400F600F800FA00B9
S3150801F0B0FC00FE00000102010401060108010A0123
S3150801F0C00C010E01100112011401160118011A0191
S3150801F0D01C011E01200122012401260128012A0101
S3150801F0E02C012E01300132013401360138013A0171
S3150801F0F03C013E01400142014401460148014A01E1
S3150801F1004C014E01500152015401560158015A0150
S3150801F1105C015E01600162016401660168016A01C0
S3150801F1206C016E01700172017401760178017A0130
S3150801F1307C017E01800182018401860188018A01A0
S3150801F1408C018E01900192019401960198019A0110
S3150801F1509C019E01A001A201A401A601A801AA0180
S3150801F160AC01AE01B001B201B401B601B801BA01F0
S3150801F170BC01BE01C001C201C401C601C801CA0160
S3150801F180CC01CE01D001D201D401D601D801DA01D0
S3150801F190DC01000000000000000000000000000083
S3150801F1A00000000000000000F6030000F90300005B
S3150801F1B0EF030000F0030000F1030000F203000072
S3150801F1C0F3030000F4030000F5030000F803000050
S3150801F1D0030400002D0400003B0400002E04000077
S3150801F1E03C04000027040000350400002804000040
S3150801F1F0360400002B040000390400002C0400002A
S3150801F2003A04000032040000400400003304000000
S3150801F21041040000300400003E04000031040000EF
S3150801F2203F0400002F0400003D04000034040000E0
S3150801F230420400000004000001040000F507000074
S3150801F240F6070000FC0300004A040000550400000C
S3150801F2505604000057040000ED040000EE04000007
S3150801F26051040000F9070000FA070000FB07000037
S3150801F2704D0400004E0400004F0400005004000035
S3150801F280A0F2010800000020D0080000404500084F
S3150801F29004F50108D0080020C83C00006C8201086A
S3150801F2A0412D0102030404A0090607080902040600
S3150801F2B0089A01081904690F0127E7E2070B090EE5
S3150801F2C00A0318580215028A08050210FF293F2366
S3150801F2D0409C23B80B23D1071B27042A1902120ABB
S3150801F2E05C0111C4149A35145AB9147A28145C02AB
S3150801F2F011C5149A36141ABC141AD2143A2B1412BC
S3150801F3000A1A14145AC8149A39145ABD147A2C14A0
S3150801F3105C0111C9149A3A141ABA141AE9145A2929
S3150801F320641A32145AC6145A37141A50145ABB148A
S3150801F3307A2A285C0211C7147A38281C0211C014CB
S3150801F3401ADF145A2D141A643C5ACA149A3B141A11
S3150801F350C1141AE0147A2E145C0211CB149A3C14C7
S3150801F3601ABE141AE1145A30141A053C5ACD149AC5
S3150801F3703E141ABF141AE2147A31145C0211CE141F
S3150801F3809A3F141AC3141AE4149A343C5ACF149A9D
S3150801F39042141AC2141AE3147A2FF05C0111CC1420
S3150801F3A09A3D145AD0649A33645AD1149A41145A1C
S3150801F3B0D2B49A32645AD3149A40144102FF4101D5
S3150801F3C0FF013513EE031B20F4041AFA0411120483
S3150801F3D01B2006041A0C041A12041A18041A1E040D
S3150801F3E01A24041A2A041A30041A36041A3C041A6E
S3150801F3F042041A48041A4E041A54041A5A041A6082
S3150801F400041A66041A6C041A72041A78041A7E0419
S3150801F4101A84041A8A041A90041A96041A9C041A5D
S3150801F420A2041AA8041AAE041AB4041ABA041AC011
S3150801F430041AC6041ACC041AD2041AD8041ADE0409
S3150801F4401AE4041AEA041AF0041AF6041AFC041354
S3150801F45002051B2008041AB8B81ABE041AC4041AED
S3150801F460CA041AD0041AD6041ADC041AE2042AE8D1
S3150801F470D80139EBAA0211013C7AFF01390CEA7F5E
S3150801F480040110000E1FA1A2A3A4A5A6A7A8A9AAB4
S3150801F490ABACAD0B182C07E80312E03F001D244264
S3150801F4A04D532D53543130332D333039453139309D
S3150801F4B03432345F515458525F52303B5802D201AC
S3150801F4C0191D1F1C1F1E02390501555A0104311346
S3150801F4D07D801408116914087D8A140821F34608E9
S3150801F4E04D9C010813B80B32708264AA0A3E593C36
S3150801F4F0014E2AFF042AFF069A4102011A9A0A9422
S3090801F5002936013266
S705080040EDC5
